,Item_Identifier,Item_Fat_Content,Item_Visibility,Item_Type,Item_MRP,Outlet_Identifier,Outlet_Establishment_Year,Outlet_Location_Type,Outlet_Type,Item_Outlet_Sales
0,FDE35,Regular,0.0,Starchy Foods,59.8904,OUT027,1985,Tier 3,Supermarket Type3,1757.712
1,FDX36,Regular,0.224607399,Baking Goods,223.1404,OUT019,1985,Tier 1,Grocery Store,450.0808
2,NCV18,Low Fat,0.105225964,Household,84.225,OUT035,2004,Tier 2,Supermarket Type1,3162.55
3,NCP43,Low Fat,0.053413906,Others,181.766,OUT019,1985,Tier 1,Grocery Store,179.766
4,FDK03,Regular,0.123727659,Dairy,253.0356,OUT010,1998,Tier 3,Grocery Store,254.3356
5,FDT60,Low Fat,0.075975642,Baking Goods,124.1388,OUT017,2007,Tier 2,Supermarket Type1,1486.0656
6,FDI41,reg,0.062609071,Frozen Foods,148.6418,OUT017,2007,Tier 2,Supermarket Type1,1765.7016
7,FDD05,Low Fat,0.016597651,Frozen Foods,121.5098,OUT013,1987,Tier 3,Supermarket Type1,2892.2352
8,NCO17,Low Fat,0.128478462,Health and Hygiene,117.944,OUT019,1985,Tier 1,Grocery Store,239.688
9,FDK44,Low Fat,0.0,Fruits and Vegetables,173.3738,OUT046,1997,Tier 1,Supermarket Type1,2085.2856
10,FDT13,Low Fat,0.01867669,Canned,188.7214,OUT017,2007,Tier 2,Supermarket Type1,3956.8494
11,FDJ27,Regular,0.122372504,Meat,101.5674,OUT018,2009,Tier 3,Supermarket Type2,1629.8784
12,NCJ42,Low Fat,0.014232071,Household,100.9332,OUT027,1985,Tier 3,Supermarket Type3,1743.0644
13,FDZ26,Regular,0.143990173,Dairy,239.6222,OUT035,2004,Tier 2,Supermarket Type1,2390.222
14,NCN18,Low Fat,0.125222705,Household,113.3544,OUT018,2009,Tier 3,Supermarket Type2,1006.6896
15,DRP35,Low Fat,0.090850115,Hard Drinks,126.6336,OUT035,2004,Tier 2,Supermarket Type1,1150.5024
16,FDP46,Low Fat,0.13064231,Snack Foods,88.383,OUT019,1985,Tier 1,Grocery Store,89.883
17,FDE26,Low Fat,0.089186275,Canned,145.3786,OUT045,2002,Tier 2,Supermarket Type1,2745.0934
18,FDI27,Regular,0.04605781,Dairy,43.8744,OUT049,1999,Tier 1,Supermarket Type1,633.8416
19,DRG03,Low Fat,0.062239081,Dairy,154.2998,OUT018,2009,Tier 3,Supermarket Type2,1691.7978
20,NCX29,Low Fat,0.149223055,Health and Hygiene,145.8102,OUT010,1998,Tier 3,Grocery Store,874.8612
21,FDM21,Low Fat,0.06449461,Snack Foods,259.2646,OUT045,2002,Tier 2,Supermarket Type1,3091.9752
22,NCJ17,Low Fat,0.153419412,Health and Hygiene,86.4224,OUT017,2007,Tier 2,Supermarket Type1,511.3344
23,FDJ03,Regular,0.072541731,Dairy,48.5692,OUT045,2002,Tier 2,Supermarket Type1,886.8456
24,NCE55,Low Fat,0.130663423,Household,175.237,OUT017,2007,Tier 2,Supermarket Type1,2117.244
25,FDD56,Regular,0.104201019,Fruits and Vegetables,176.5054,OUT018,2009,Tier 3,Supermarket Type2,2976.7918
26,FDC14,Regular,0.041249072,Canned,40.5454,OUT046,1997,Tier 1,Supermarket Type1,1216.4166
27,FDU47,Regular,0.114318263,Breads,142.2838,OUT018,2009,Tier 3,Supermarket Type2,421.4514
28,FDA01,Regular,0.054378253,Canned,59.1904,OUT046,1997,Tier 1,Supermarket Type1,527.3136
29,FDF52,Low Fat,0.066887123,Frozen Foods,183.9292,OUT049,1999,Tier 1,Supermarket Type1,3283.7256
30,FDU57,Regular,0.089120516,Snack Foods,149.8708,OUT027,1985,Tier 3,Supermarket Type3,3611.2992
31,DRG49,Low Fat,0.067730081,Soft Drinks,242.6486,OUT018,2009,Tier 3,Supermarket Type2,2199.1374
32,FDX55,Low Fat,0.0,Fruits and Vegetables,216.4166,OUT045,2002,Tier 2,Supermarket Type1,2830.3158
33,NCO26,Low Fat,0.076791671,Household,116.4492,OUT013,1987,Tier 3,Supermarket Type1,2316.984
34,FDV19,Regular,0.035400659,Fruits and Vegetables,161.9578,OUT018,2009,Tier 3,Supermarket Type2,1444.1202
35,FDQ26,Regular,0.067859568,Dairy,60.1562,OUT035,2004,Tier 2,Supermarket Type1,1599.9174
36,FDJ26,Regular,0.084765192,Canned,215.0218,OUT046,1997,Tier 1,Supermarket Type1,1923.4962
37,DRE15,Low Fat,0.031139933,Dairy,74.8012,OUT019,1985,Tier 1,Grocery Store,303.6048
38,FDU11,Low Fat,0.092781435,Breads,119.7098,OUT045,2002,Tier 2,Supermarket Type1,1807.647
39,FDG31,Low Fat,0.063430788,Meat,65.4826,OUT010,1998,Tier 3,Grocery Store,258.3304
40,FDP28,Regular,0.081096613,Frozen Foods,261.2936,OUT017,2007,Tier 2,Supermarket Type1,3131.9232
41,DRI01,Low Fat,0.0,Soft Drinks,173.7422,OUT045,2002,Tier 2,Supermarket Type1,2759.0752
42,FDD10,Regular,0.0,Snack Foods,178.1344,OUT035,2004,Tier 2,Supermarket Type1,3568.688
43,FDU36,Low Fat,0.046262201,Baking Goods,97.8384,OUT035,2004,Tier 2,Supermarket Type1,2069.3064
44,FDL51,Regular,0.04745185,Dairy,214.6876,OUT013,1987,Tier 3,Supermarket Type1,3001.4264
45,NCT17,Low Fat,0.041663111,Health and Hygiene,188.6214,OUT027,1985,Tier 3,Supermarket Type3,6029.4848
46,FDC38,Low Fat,0.122470805,Canned,131.7942,OUT035,2004,Tier 2,Supermarket Type1,1987.413
47,FDY25,Low Fat,0.034112833,Canned,180.1976,OUT018,2009,Tier 3,Supermarket Type2,3984.1472
48,DRG03,Low Fat,0.103752817,Dairy,155.1998,OUT010,1998,Tier 3,Grocery Store,307.5996
49,NCX29,Low Fat,0.089152528,Health and Hygiene,147.7102,OUT046,1997,Tier 1,Supermarket Type1,437.4306
50,NCV06,Low Fat,0.066952965,Household,192.0478,OUT018,2009,Tier 3,Supermarket Type2,3099.9648
51,FDD47,Regular,0.142292265,Starchy Foods,171.3448,OUT013,1987,Tier 3,Supermarket Type1,3238.4512
52,FDB52,low fat,0.030497325,Dairy,256.9672,OUT045,2002,Tier 2,Supermarket Type1,1534.0032
53,FDO24,Low Fat,0.176182345,Baking Goods,158.1604,OUT035,2004,Tier 2,Supermarket Type1,1901.5248
54,FDO34,Low Fat,0.030060895,Snack Foods,166.4816,OUT018,2009,Tier 3,Supermarket Type2,2013.3792
55,NCN19,Low Fat,0.012089479,Others,189.853,OUT013,1987,Tier 3,Supermarket Type1,3415.554
56,NCX17,Low Fat,0.113833823,Health and Hygiene,232.83,OUT045,2002,Tier 2,Supermarket Type1,1398.18
57,FDI32,Low Fat,0.291865402,Fruits and Vegetables,115.1834,OUT010,1998,Tier 3,Grocery Store,345.5502
58,FDA19,LF,0.055081623,Fruits and Vegetables,128.8994,OUT013,1987,Tier 3,Supermarket Type1,2055.9904
59,FDI22,Low Fat,0.096756649,Snack Foods,208.7612,OUT017,2007,Tier 2,Supermarket Type1,5226.53
60,FDV49,Low Fat,0.025879577,Canned,265.2226,OUT045,2002,Tier 2,Supermarket Type1,5815.0972
61,FDK08,Regular,0.122494876,Fruits and Vegetables,100.1016,OUT049,1999,Tier 1,Supermarket Type1,1416.8224
62,FDQ09,Low Fat,0.058121214,Snack Foods,115.8834,OUT035,2004,Tier 2,Supermarket Type1,1382.2008
63,NCH06,Low Fat,0.076183667,Household,245.646,OUT027,1985,Tier 3,Supermarket Type3,3695.19
64,FDA15,Low Fat,0.016054884,Dairy,250.2092,OUT045,2002,Tier 2,Supermarket Type1,5976.2208
65,FDP19,Low Fat,0.0,Fruits and Vegetables,128.4652,OUT049,1999,Tier 1,Supermarket Type1,2841.6344
66,FDU03,Regular,0.091950972,Meat,184.2292,OUT018,2009,Tier 3,Supermarket Type2,1277.0044
67,NCM06,LF,0.075713578,Household,156.4656,OUT035,2004,Tier 2,Supermarket Type1,2471.4496
68,DRD01,Regular,0.061163967,Soft Drinks,56.5614,OUT035,2004,Tier 2,Supermarket Type1,828.921
69,FDS60,Low Fat,0.032442388,Baking Goods,178.366,OUT035,2004,Tier 2,Supermarket Type1,4673.916
70,FDY52,Low Fat,0.007359711,Frozen Foods,60.1536,OUT049,1999,Tier 1,Supermarket Type1,490.0288
71,FDR32,Regular,0.085981978,Fruits and Vegetables,228.4694,OUT045,2002,Tier 2,Supermarket Type1,5480.8656
72,FDH31,Regular,0.0,Meat,98.2042,OUT019,1985,Tier 1,Grocery Store,198.4084
73,FDB39,Low Fat,0.038736838,Dairy,55.8272,OUT017,2007,Tier 2,Supermarket Type1,1454.1072
74,FDQ16,Low Fat,0.041730507,Frozen Foods,109.2912,OUT035,2004,Tier 2,Supermarket Type1,2402.2064
75,NCI43,Low Fat,0.025968706,Household,49.5376,OUT046,1997,Tier 1,Supermarket Type1,1006.6896
76,FDA50,Low Fat,0.087102593,Dairy,96.041,OUT013,1987,Tier 3,Supermarket Type1,868.869
77,FDX38,Regular,0.0481669,Dairy,48.8376,OUT013,1987,Tier 3,Supermarket Type1,671.1264
78,FDM10,Low Fat,0.076125668,Snack Foods,214.0218,OUT045,2002,Tier 2,Supermarket Type1,2564.6616
79,FDV51,Low Fat,0.032671446,Meat,165.4842,OUT018,2009,Tier 3,Supermarket Type2,1492.0578
80,FDI41,Regular,0.109003832,Frozen Foods,145.2418,OUT019,1985,Tier 1,Grocery Store,147.1418
81,FDV34,Regular,0.019123874,Snack Foods,73.0038,OUT010,1998,Tier 3,Grocery Store,147.8076
82,FDP13,Regular,0.134870732,Canned,41.948,OUT018,2009,Tier 3,Supermarket Type2,199.74
83,FDD05,Low Fat,0.016645164,Frozen Foods,120.9098,OUT045,2002,Tier 2,Supermarket Type1,1687.1372
84,FDH34,Low Fat,0.031095246,Snack Foods,185.7582,OUT046,1997,Tier 1,Supermarket Type1,3529.4058
85,FDN58,Regular,0.057104066,Snack Foods,232.6984,OUT018,2009,Tier 3,Supermarket Type2,1390.1904
86,FDA15,Low Fat,0.015944801,Dairy,249.5092,OUT027,1985,Tier 3,Supermarket Type3,6474.2392
87,FDM58,Regular,0.080141165,Snack Foods,111.4544,OUT017,2007,Tier 2,Supermarket Type1,2013.3792
88,NCH07,Low Fat,0.092589917,Household,159.5604,OUT013,1987,Tier 3,Supermarket Type1,1901.5248
89,FDR47,Low Fat,0.087045086,Breads,196.7794,OUT027,1985,Tier 3,Supermarket Type3,6242.5408
90,FDJ52,Low Fat,0.017822936,Frozen Foods,161.3578,OUT045,2002,Tier 2,Supermarket Type1,1123.2046
91,NCU06,Low Fat,0.074345142,Household,230.901,OUT013,1987,Tier 3,Supermarket Type1,4364.319
92,FDH10,Low Fat,0.049381666,Snack Foods,193.0478,OUT049,1999,Tier 1,Supermarket Type1,1549.9824
93,FDB49,Regular,0.030198228,Baking Goods,98.2384,OUT049,1999,Tier 1,Supermarket Type1,2167.8448
94,FDY55,Low Fat,0.081446638,Fruits and Vegetables,257.0988,OUT049,1999,Tier 1,Supermarket Type1,6424.97
95,FDS07,Low Fat,0.099674817,Fruits and Vegetables,112.2518,OUT013,1987,Tier 3,Supermarket Type1,1366.2216
96,FDQ01,Regular,0.161610636,Canned,255.2014,OUT017,2007,Tier 2,Supermarket Type1,3570.0196
97,NCZ06,Low Fat,0.094694278,Household,254.9698,OUT017,2007,Tier 2,Supermarket Type1,2536.698
98,NCQ29,Low Fat,0.104230135,Health and Hygiene,259.5278,OUT046,1997,Tier 1,Supermarket Type1,2603.278
99,FDV59,Low Fat,0.048027043,Breads,218.9166,OUT046,1997,Tier 1,Supermarket Type1,5660.6316
100,FDX11,Regular,0.107186944,Baking Goods,181.9634,OUT018,2009,Tier 3,Supermarket Type2,3453.5046
101,FDW07,Regular,0.142570104,Fruits and Vegetables,88.2514,OUT013,1987,Tier 3,Supermarket Type1,1505.3738
102,NCI43,Low Fat,0.025842951,Household,48.6376,OUT027,1985,Tier 3,Supermarket Type3,1677.816
103,FDS12,Low Fat,0.174827835,Baking Goods,127.2362,OUT018,2009,Tier 3,Supermarket Type2,1635.8706
104,NCV41,LF,0.016956266,Health and Hygiene,109.3228,OUT027,1985,Tier 3,Supermarket Type3,2431.5016
105,DRE27,Low Fat,0.132560174,Dairy,97.2726,OUT013,1987,Tier 3,Supermarket Type1,782.9808
106,FDU24,reg,0.140163038,Baking Goods,94.212,OUT046,1997,Tier 1,Supermarket Type1,1025.332
107,FDZ44,Low Fat,0.038729057,Fruits and Vegetables,117.1808,OUT046,1997,Tier 1,Supermarket Type1,1874.8928
108,FDK20,Regular,0.041641933,Fruits and Vegetables,121.1072,OUT045,2002,Tier 2,Supermarket Type1,980.0576
109,NCJ17,Low Fat,0.153177941,Health and Hygiene,85.2224,OUT018,2009,Tier 3,Supermarket Type2,1278.336
110,FDE11,Regular,0.134441765,Starchy Foods,183.9924,OUT027,1985,Tier 3,Supermarket Type3,6478.234
111,FDS32,Regular,0.029821648,Fruits and Vegetables,139.9838,OUT017,2007,Tier 2,Supermarket Type1,1123.8704
112,FDS25,Regular,0.140292495,Canned,108.5228,OUT045,2002,Tier 2,Supermarket Type1,1989.4104
113,FDC50,Low Fat,0.137053947,Canned,94.4094,OUT018,2009,Tier 3,Supermarket Type2,1047.3034
114,FDL57,Regular,0.067181098,Snack Foods,258.8304,OUT049,1999,Tier 1,Supermarket Type1,5424.9384
115,FDZ22,Low Fat,0.045525961,Snack Foods,83.425,OUT017,2007,Tier 2,Supermarket Type1,1498.05
116,DRE15,Low Fat,0.0,Dairy,75.7012,OUT017,2007,Tier 2,Supermarket Type1,1442.1228
117,FDZ09,Low Fat,0.175545889,Snack Foods,163.6868,OUT010,1998,Tier 3,Grocery Store,163.7868
118,FDQ34,LF,0.284065879,Snack Foods,105.5622,OUT019,1985,Tier 1,Grocery Store,211.7244
119,FDR44,reg,0.103129612,Fruits and Vegetables,129.5968,OUT045,2002,Tier 2,Supermarket Type1,2348.9424
120,FDM45,Regular,0.088373591,Snack Foods,119.3756,OUT045,2002,Tier 2,Supermarket Type1,1454.1072
121,NCS17,Low Fat,0.080956792,Health and Hygiene,95.2436,OUT017,2007,Tier 2,Supermarket Type1,1796.3284
122,FDY08,Regular,0.172042892,Fruits and Vegetables,139.9838,OUT017,2007,Tier 2,Supermarket Type1,1966.7732
123,NCK42,LF,0.013146636,Household,214.5192,OUT045,2002,Tier 2,Supermarket Type1,2804.3496
124,FDU31,Regular,0.024991056,Fruits and Vegetables,217.9508,OUT046,1997,Tier 1,Supermarket Type1,2821.6604
125,FDU19,Regular,0.046844194,Fruits and Vegetables,174.2422,OUT049,1999,Tier 1,Supermarket Type1,1379.5376
126,NCC54,Low Fat,0.098108957,Health and Hygiene,240.9196,OUT018,2009,Tier 3,Supermarket Type2,4579.3724
127,FDS23,Low Fat,0.246678647,Breads,129.7994,OUT019,1985,Tier 1,Grocery Store,385.4982
128,FDW12,Regular,0.035542581,Baking Goods,143.3444,OUT013,1987,Tier 3,Supermarket Type1,1596.5884
129,DRE60,Low Fat,0.159304333,Soft Drinks,226.172,OUT035,2004,Tier 2,Supermarket Type1,3848.324
130,FDH16,Low Fat,0.052637056,Frozen Foods,88.583,OUT049,1999,Tier 1,Supermarket Type1,808.947
131,FDW25,Low Fat,0.037398953,Canned,84.2224,OUT046,1997,Tier 1,Supermarket Type1,852.224
132,FDZ16,Regular,0.159081735,Frozen Foods,193.5478,OUT027,1985,Tier 3,Supermarket Type3,4649.9472
133,FDZ45,Low Fat,0.111936685,Snack Foods,198.8084,OUT010,1998,Tier 3,Grocery Store,992.042
134,NCZ42,Low Fat,0.011351778,Household,236.5248,OUT017,2007,Tier 2,Supermarket Type1,4029.4216
135,FDW46,Regular,0.070243155,Snack Foods,65.7484,OUT013,1987,Tier 3,Supermarket Type1,391.4904
136,FDS28,Regular,0.082737261,Frozen Foods,57.3588,OUT018,2009,Tier 3,Supermarket Type2,343.5528
137,FDS52,Low Fat,0.009163216,Frozen Foods,101.7016,OUT010,1998,Tier 3,Grocery Store,101.2016
138,FDQ23,Low Fat,0.024521191,Breads,100.6332,OUT035,2004,Tier 2,Supermarket Type1,2665.8632
139,FDY45,Low Fat,0.0,Snack Foods,253.0356,OUT035,2004,Tier 2,Supermarket Type1,4578.0408
140,DRG03,Low Fat,0.061986574,Dairy,153.0998,OUT046,1997,Tier 1,Supermarket Type1,4921.5936
141,FDE44,Low Fat,0.0,Fruits and Vegetables,49.7692,OUT045,2002,Tier 2,Supermarket Type1,837.5764
142,FDA23,Low Fat,0.04714777,Baking Goods,102.4016,OUT013,1987,Tier 3,Supermarket Type1,1720.4272
143,FDG17,Regular,0.035666655,Frozen Foods,246.2486,OUT027,1985,Tier 3,Supermarket Type3,8063.5038
144,FDT31,Low Fat,0.012437935,Fruits and Vegetables,189.9872,OUT013,1987,Tier 3,Supermarket Type1,3781.744
145,FDY36,Low Fat,0.009364957,Baking Goods,74.238,OUT027,1985,Tier 3,Supermarket Type3,1171.808
146,FDB14,Regular,0.102704495,Canned,94.312,OUT035,2004,Tier 2,Supermarket Type1,2982.784
147,FDP40,Regular,0.060154968,Frozen Foods,110.1544,OUT019,1985,Tier 1,Grocery Store,111.8544
148,FDU09,Regular,0.06670068,Snack Foods,55.2956,OUT049,1999,Tier 1,Supermarket Type1,1255.6988
149,FDE39,Low Fat,0.036207786,Dairy,121.0782,OUT045,2002,Tier 2,Supermarket Type1,3456.1678
150,FDR55,Regular,0.132621594,Fruits and Vegetables,190.1872,OUT018,2009,Tier 3,Supermarket Type2,3781.744
151,FDM58,Regular,0.133385398,Snack Foods,109.8544,OUT010,1998,Tier 3,Grocery Store,223.7088
152,FDW31,reg,0.043402224,Fruits and Vegetables,197.0742,OUT017,2007,Tier 2,Supermarket Type1,2587.9646
153,FDO56,Regular,0.045165796,Fruits and Vegetables,118.4808,OUT018,2009,Tier 3,Supermarket Type2,1640.5312
154,FDV28,Regular,0.159698192,Frozen Foods,32.0558,OUT035,2004,Tier 2,Supermarket Type1,1018.674
155,FDV10,Regular,0.0,Snack Foods,41.8112,OUT046,1997,Tier 1,Supermarket Type1,894.8352
156,NCR06,Low Fat,0.006775667,Household,42.9112,OUT049,1999,Tier 1,Supermarket Type1,1022.6688
157,FDE10,Regular,0.09031453,Snack Foods,130.5626,OUT018,2009,Tier 3,Supermarket Type2,1180.4634
158,DRD13,Low Fat,0.048841794,Soft Drinks,64.7168,OUT027,1985,Tier 3,Supermarket Type3,3068.0064
159,NCI42,Low Fat,0.01040777,Household,209.4954,OUT018,2009,Tier 3,Supermarket Type2,2500.7448
160,NCO41,Low Fat,0.018848862,Health and Hygiene,96.7384,OUT046,1997,Tier 1,Supermarket Type1,2167.8448
161,FDX11,Regular,0.106752081,Baking Goods,181.4634,OUT046,1997,Tier 1,Supermarket Type1,1090.5804
162,NCO26,Low Fat,0.077011493,Household,117.3492,OUT045,2002,Tier 2,Supermarket Type1,1506.0396
163,FDE14,Regular,0.031494041,Canned,98.87,OUT049,1999,Tier 1,Supermarket Type1,2197.14
164,FDU13,Low Fat,0.187558629,Canned,148.0418,OUT046,1997,Tier 1,Supermarket Type1,1471.418
165,FDP19,Low Fat,0.173867958,Fruits and Vegetables,128.8652,OUT045,2002,Tier 2,Supermarket Type1,1291.652
166,FDP39,Low Fat,0.121554149,Meat,53.7324,OUT019,1985,Tier 1,Grocery Store,311.5944
167,FDJ38,Regular,0.040205535,Canned,188.753,OUT046,1997,Tier 1,Supermarket Type1,7590.12
168,FDP03,Regular,0.0,Meat,122.9388,OUT017,2007,Tier 2,Supermarket Type1,2105.2596
169,FDA21,Low Fat,0.03595391,Snack Foods,185.2924,OUT035,2004,Tier 2,Supermarket Type1,3146.5708
170,FDK58,Regular,0.044764726,Snack Foods,102.4016,OUT027,1985,Tier 3,Supermarket Type3,2428.8384
171,DRL37,Low Fat,0.053327763,Soft Drinks,44.477,OUT013,1987,Tier 3,Supermarket Type1,865.54
172,FDV23,Low Fat,0.106051405,Breads,124.4046,OUT045,2002,Tier 2,Supermarket Type1,2241.0828
173,FDZ31,Regular,0.113678422,Fruits and Vegetables,189.7504,OUT018,2009,Tier 3,Supermarket Type2,2492.7552
174,FDH20,Regular,0.024928351,Fruits and Vegetables,95.141,OUT013,1987,Tier 3,Supermarket Type1,3089.312
175,FDT25,Low Fat,0.050750977,Canned,122.2072,OUT046,1997,Tier 1,Supermarket Type1,1960.1152
176,FDF09,Low Fat,0.012138795,Fruits and Vegetables,39.2848,OUT013,1987,Tier 3,Supermarket Type1,521.9872
177,FDW45,Low Fat,0.039231652,Snack Foods,145.1418,OUT017,2007,Tier 2,Supermarket Type1,2648.5524
178,FDQ44,Low Fat,0.036133463,Fruits and Vegetables,120.1756,OUT035,2004,Tier 2,Supermarket Type1,3392.9168
179,NCX18,Low Fat,0.00879232,Household,195.011,OUT035,2004,Tier 2,Supermarket Type1,1964.11
180,FDC08,Regular,0.103363904,Fruits and Vegetables,226.172,OUT013,1987,Tier 3,Supermarket Type1,3169.208
181,FDT56,Regular,0.115570552,Fruits and Vegetables,57.5246,OUT035,2004,Tier 2,Supermarket Type1,173.7738
182,FDZ36,Regular,0.066155883,Baking Goods,184.424,OUT017,2007,Tier 2,Supermarket Type1,4660.6
183,FDA09,Regular,0.15021128,Snack Foods,179.066,OUT017,2007,Tier 2,Supermarket Type1,2696.49
184,NCY41,low fat,0.076164013,Health and Hygiene,34.0532,OUT017,2007,Tier 2,Supermarket Type1,575.2512
185,FDW39,Regular,0.036903419,Meat,175.137,OUT035,2004,Tier 2,Supermarket Type1,1235.059
186,FDB09,Low Fat,0.057629899,Fruits and Vegetables,123.9046,OUT018,2009,Tier 3,Supermarket Type2,1120.5414
187,FDR40,Regular,0.00799548,Frozen Foods,78.5618,OUT027,1985,Tier 3,Supermarket Type3,2255.7304
188,NCB18,Low Fat,0.041291169,Household,86.9514,OUT046,1997,Tier 1,Supermarket Type1,1416.8224
189,NCP30,Low Fat,0.032762495,Household,40.0822,OUT035,2004,Tier 2,Supermarket Type1,1257.0304
190,FDS16,Regular,0.066551268,Frozen Foods,144.676,OUT017,2007,Tier 2,Supermarket Type1,3954.852
191,FDV59,Low Fat,0.048124443,Breads,216.7166,OUT045,2002,Tier 2,Supermarket Type1,3918.8988
192,NCQ17,Low Fat,0.195721125,Health and Hygiene,156.463,OUT010,1998,Tier 3,Grocery Store,312.926
193,FDS25,Regular,0.1408005,Canned,111.4228,OUT017,2007,Tier 2,Supermarket Type1,2984.1156
194,FDH10,Low Fat,0.086326707,Snack Foods,192.6478,OUT019,1985,Tier 1,Grocery Store,387.4956
195,DRH36,Low Fat,0.0,Soft Drinks,73.4696,OUT013,1987,Tier 3,Supermarket Type1,2087.9488
196,NCX29,Low Fat,0.089333332,Health and Hygiene,145.6102,OUT045,2002,Tier 2,Supermarket Type1,2624.5836
197,FDE46,Low Fat,0.015693328,Snack Foods,150.7366,OUT027,1985,Tier 3,Supermarket Type3,906.8196
198,FDI53,Regular,0.137618927,Frozen Foods,161.5236,OUT035,2004,Tier 2,Supermarket Type1,1772.3596
199,FDH17,Regular,0.016687114,Frozen Foods,96.9726,OUT045,2002,Tier 2,Supermarket Type1,1076.5986
200,FDT48,Low Fat,0.046214971,Baking Goods,199.8084,OUT017,2007,Tier 2,Supermarket Type1,3968.168
201,FDF20,low fat,0.033287541,Fruits and Vegetables,198.4768,OUT045,2002,Tier 2,Supermarket Type1,1379.5376
202,FDA19,Low Fat,0.055127499,Fruits and Vegetables,128.2994,OUT046,1997,Tier 1,Supermarket Type1,3983.4814
203,FDE44,Low Fat,0.171355643,Fruits and Vegetables,47.6692,OUT035,2004,Tier 2,Supermarket Type1,739.038
204,FDM10,Low Fat,0.07595723,Snack Foods,214.1218,OUT035,2004,Tier 2,Supermarket Type1,1282.3308
205,FDX38,Regular,0.080688663,Dairy,46.7376,OUT010,1998,Tier 3,Grocery Store,47.9376
206,NCH07,Low Fat,0.162248011,Household,160.4604,OUT019,1985,Tier 1,Grocery Store,316.9208
207,FDI21,Regular,0.056602818,Snack Foods,63.2168,OUT046,1997,Tier 1,Supermarket Type1,1725.7536
208,FDL57,Regular,0.067064128,Snack Foods,257.9304,OUT035,2004,Tier 2,Supermarket Type1,6458.26
209,FDB10,Low Fat,0.067312613,Snack Foods,234.359,OUT049,1999,Tier 1,Supermarket Type1,3072.667
210,FDY31,Low Fat,0.043651198,Fruits and Vegetables,146.1418,OUT045,2002,Tier 2,Supermarket Type1,3089.9778
211,FDU08,Low Fat,0.027426689,Fruits and Vegetables,97.3042,OUT018,2009,Tier 3,Supermarket Type2,694.4294
212,FDW32,Regular,0.09468096,Fruits and Vegetables,86.2882,OUT018,2009,Tier 3,Supermarket Type2,1631.8758
213,FDO36,Low Fat,0.136417078,Baking Goods,179.766,OUT019,1985,Tier 1,Grocery Store,179.766
214,FDB35,Regular,0.064882207,Starchy Foods,93.8804,OUT018,2009,Tier 3,Supermarket Type2,1470.0864
215,FDC26,Low Fat,0.211539389,Canned,110.9886,OUT010,1998,Tier 3,Grocery Store,111.1886
216,NCS29,Low Fat,0.069938838,Health and Hygiene,264.8884,OUT017,2007,Tier 2,Supermarket Type1,2914.8724
217,FDZ47,Regular,0.078912473,Baking Goods,99.9042,OUT027,1985,Tier 3,Supermarket Type3,3273.7386
218,FDP39,Low Fat,0.116203156,Meat,53.5324,OUT010,1998,Tier 3,Grocery Store,415.4592
219,DRG48,Low Fat,0.014614357,Soft Drinks,147.3102,OUT018,2009,Tier 3,Supermarket Type2,2332.9632
220,FDG50,Low Fat,0.02556185,Canned,89.7146,OUT010,1998,Tier 3,Grocery Store,182.4292
221,FDT51,Regular,0.019117392,Meat,110.6544,OUT019,1985,Tier 1,Grocery Store,223.7088
222,FDT26,Regular,0.068091318,Dairy,120.644,OUT045,2002,Tier 2,Supermarket Type1,3475.476
223,FDD28,Low Fat,0.053296868,Frozen Foods,59.6904,OUT046,1997,Tier 1,Supermarket Type1,937.4464
224,FDH26,Regular,0.034770109,Canned,141.9496,OUT045,2002,Tier 2,Supermarket Type1,988.0472
225,FDB53,Low Fat,0.139669224,Frozen Foods,147.6392,OUT049,1999,Tier 1,Supermarket Type1,1938.8096
226,FDZ26,Regular,0.144604071,Dairy,240.8222,OUT018,2009,Tier 3,Supermarket Type2,3585.333
227,DRK23,Low Fat,0.071628097,Hard Drinks,251.904,OUT027,1985,Tier 3,Supermarket Type3,4301.068
228,NCZ30,Low Fat,0.043828293,Household,121.4098,OUT010,1998,Tier 3,Grocery Store,241.0196
229,FDH16,Low Fat,0.052300844,Frozen Foods,88.283,OUT027,1985,Tier 3,Supermarket Type3,2157.192
230,FDC53,Low Fat,0.008792907,Frozen Foods,96.7384,OUT027,1985,Tier 3,Supermarket Type3,2956.152
231,NCN17,Low Fat,0.054939029,Health and Hygiene,101.4358,OUT046,1997,Tier 1,Supermarket Type1,1608.5728
232,FDY26,Regular,0.030362777,Dairy,210.5244,OUT027,1985,Tier 3,Supermarket Type3,6775.1808
233,FDZ48,LF,0.07607772,Baking Goods,112.4544,OUT049,1999,Tier 1,Supermarket Type1,2348.9424
234,NCO43,Low Fat,0.047059016,Others,100.1016,OUT013,1987,Tier 3,Supermarket Type1,2125.2336
235,FDK20,Regular,0.041622264,Fruits and Vegetables,124.0072,OUT049,1999,Tier 1,Supermarket Type1,4042.7376
236,FDK41,Low Fat,0.12780038,Frozen Foods,83.6224,OUT045,2002,Tier 2,Supermarket Type1,852.224
237,FDT27,Regular,0.069587171,Meat,234.6616,OUT046,1997,Tier 1,Supermarket Type1,4687.232
238,FDH21,Low Fat,0.031273559,Seafood,160.0604,OUT049,1999,Tier 1,Supermarket Type1,1267.6832
239,FDU27,Regular,0.170646494,Meat,46.3376,OUT027,1985,Tier 3,Supermarket Type3,2109.2544
240,NCQ05,Low Fat,0.03616416,Health and Hygiene,150.1708,OUT010,1998,Tier 3,Grocery Store,300.9416
241,FDA16,Low Fat,0.0,Frozen Foods,219.4456,OUT046,1997,Tier 1,Supermarket Type1,3094.6384
242,FDP25,Low Fat,0.035497039,Canned,216.7824,OUT010,1998,Tier 3,Grocery Store,436.7648
243,FDB29,Regular,0.052368061,Frozen Foods,112.7176,OUT013,1987,Tier 3,Supermarket Type1,801.6232
244,NCF31,Low Fat,0.090778148,Household,153.1024,OUT019,1985,Tier 1,Grocery Store,303.6048
245,FDC08,Regular,0.103449993,Fruits and Vegetables,225.472,OUT046,1997,Tier 1,Supermarket Type1,3169.208
246,FDM24,Regular,0.079327367,Baking Goods,152.8366,OUT046,1997,Tier 1,Supermarket Type1,2871.5954
247,FDJ45,Low Fat,0.073524776,Seafood,34.8216,OUT049,1999,Tier 1,Supermarket Type1,207.7296
248,FDC15,Low Fat,0.297883712,Dairy,156.7288,OUT010,1998,Tier 3,Grocery Store,314.2576
249,FDG08,Regular,0.165328057,Fruits and Vegetables,170.6764,OUT035,2004,Tier 2,Supermarket Type1,3435.528
250,FDS19,Regular,0.064207277,Fruits and Vegetables,76.0012,OUT046,1997,Tier 1,Supermarket Type1,1214.4192
251,FDA26,Regular,0.073906461,Dairy,218.4482,OUT035,2004,Tier 2,Supermarket Type1,4819.0604
252,FDR31,Regular,0.048924811,Fruits and Vegetables,147.4102,OUT027,1985,Tier 3,Supermarket Type3,3207.8244
253,FDQ40,Regular,0.035853059,Frozen Foods,176.8712,OUT027,1985,Tier 3,Supermarket Type3,3691.1952
254,FDW44,Regular,0.035151215,Fruits and Vegetables,171.8448,OUT046,1997,Tier 1,Supermarket Type1,2556.672
255,FDC02,Low Fat,0.068809463,Canned,258.5278,OUT035,2004,Tier 2,Supermarket Type1,5206.556
256,NCQ41,Low Fat,0.019476708,Health and Hygiene,193.0794,OUT035,2004,Tier 2,Supermarket Type1,3901.588
257,FDZ52,Low Fat,0.099589909,Frozen Foods,109.1886,OUT027,1985,Tier 3,Supermarket Type3,4225.1668
258,NCB18,LF,0.041374909,Household,89.2514,OUT045,2002,Tier 2,Supermarket Type1,1416.8224
259,NCB19,Low Fat,0.090295708,Household,84.6882,OUT046,1997,Tier 1,Supermarket Type1,601.2174
260,FDS52,Low Fat,0.00547348,Frozen Foods,100.5016,OUT035,2004,Tier 2,Supermarket Type1,1315.6208
261,NCI06,Low Fat,0.047791878,Household,180.766,OUT049,1999,Tier 1,Supermarket Type1,5033.448
262,NCH30,Low Fat,0.066828857,Household,114.186,OUT027,1985,Tier 3,Supermarket Type3,1924.162
263,DRM47,Low Fat,0.043777415,Hard Drinks,192.9846,OUT035,2004,Tier 2,Supermarket Type1,6114.7072
264,NCR53,Low Fat,0.14492016,Health and Hygiene,224.4404,OUT013,1987,Tier 3,Supermarket Type1,1800.3232
265,FDO37,Low Fat,0.021497594,Breakfast,230.3326,OUT017,2007,Tier 2,Supermarket Type1,1386.1956
266,FDK46,Low Fat,0.086145867,Snack Foods,258.362,OUT010,1998,Tier 3,Grocery Store,259.662
267,DRG01,Low Fat,0.044840933,Soft Drinks,78.367,OUT013,1987,Tier 3,Supermarket Type1,918.804
268,DRO59,Low Fat,0.054238448,Hard Drinks,75.4012,OUT049,1999,Tier 1,Supermarket Type1,986.7156
269,FDZ39,Regular,0.018098194,Meat,104.599,OUT018,2009,Tier 3,Supermarket Type2,309.597
270,FDH28,Regular,0.110030997,Frozen Foods,37.2506,OUT046,1997,Tier 1,Supermarket Type1,265.6542
271,NCU53,Low Fat,0.042838514,Health and Hygiene,163.7842,OUT045,2002,Tier 2,Supermarket Type1,1657.842
272,FDP27,Low Fat,0.119692888,Meat,188.453,OUT045,2002,Tier 2,Supermarket Type1,4364.319
273,FDT34,Low Fat,0.175336471,Snack Foods,107.0964,OUT017,2007,Tier 2,Supermarket Type1,1472.7496
274,FDY33,Regular,0.097398254,Snack Foods,157.4262,OUT045,2002,Tier 2,Supermarket Type1,3978.155
275,FDG47,Low Fat,0.069902438,Starchy Foods,261.3252,OUT018,2009,Tier 3,Supermarket Type2,3410.2276
276,FDX11,Regular,0.106663245,Baking Goods,179.7634,OUT013,1987,Tier 3,Supermarket Type1,4180.5582
277,DRM37,Low Fat,0.096790497,Soft Drinks,197.2768,OUT018,2009,Tier 3,Supermarket Type2,3941.536
278,DRM23,Low Fat,0.227189581,Hard Drinks,173.9422,OUT010,1998,Tier 3,Grocery Store,172.4422
279,NCM07,Low Fat,0.040187877,Others,85.6908,OUT017,2007,Tier 2,Supermarket Type1,1593.9252
280,FDA35,Regular,0.053837561,Baking Goods,120.8072,OUT046,1997,Tier 1,Supermarket Type1,4287.752
281,FDZ07,Regular,0.164391573,Fruits and Vegetables,62.8194,OUT019,1985,Tier 1,Grocery Store,61.9194
282,NCL53,Low Fat,0.0,Health and Hygiene,175.4028,OUT027,1985,Tier 3,Supermarket Type3,6729.9064
283,FDK55,Low Fat,0.025756826,Meat,87.2172,OUT035,2004,Tier 2,Supermarket Type1,802.9548
284,FDS01,Low Fat,0.017817285,Canned,177.0686,OUT018,2009,Tier 3,Supermarket Type2,1422.1488
285,FDS04,Regular,0.146635206,Frozen Foods,139.0838,OUT035,2004,Tier 2,Supermarket Type1,3652.5788
286,FDN13,Low Fat,0.152058281,Breakfast,99.9358,OUT046,1997,Tier 1,Supermarket Type1,201.0716
287,FDR02,Low Fat,0.022110425,Dairy,110.8886,OUT045,2002,Tier 2,Supermarket Type1,3558.0352
288,DRD13,Low Fat,0.049357077,Soft Drinks,62.6168,OUT017,2007,Tier 2,Supermarket Type1,958.752
289,FDP38,Low Fat,0.032283676,Canned,52.2008,OUT017,2007,Tier 2,Supermarket Type1,759.012
290,FDE24,Low Fat,0.15643727,Baking Goods,142.0812,OUT010,1998,Tier 3,Grocery Store,284.9624
291,NCY41,Low Fat,0.075721301,Health and Hygiene,34.3532,OUT035,2004,Tier 2,Supermarket Type1,1042.6428
292,NCD55,Low Fat,0.024369007,Household,40.2454,OUT049,1999,Tier 1,Supermarket Type1,922.7988
293,DRE48,Low Fat,0.017311312,Soft Drinks,197.8768,OUT013,1987,Tier 3,Supermarket Type1,3744.4592
294,FDR33,Low Fat,0.026783871,Snack Foods,108.157,OUT035,2004,Tier 2,Supermarket Type1,1098.57
295,NCT41,Low Fat,0.055979703,Health and Hygiene,151.9024,OUT035,2004,Tier 2,Supermarket Type1,1062.6168
296,FDV55,Low Fat,0.055159054,Fruits and Vegetables,145.6444,OUT049,1999,Tier 1,Supermarket Type1,2467.4548
297,FDU50,Regular,0.075595405,Dairy,114.7176,OUT017,2007,Tier 2,Supermarket Type1,1259.6936
298,FDU07,Low Fat,0.059940022,Fruits and Vegetables,149.1366,OUT049,1999,Tier 1,Supermarket Type1,4231.8248
299,FDY31,Low Fat,0.043554614,Fruits and Vegetables,148.2418,OUT035,2004,Tier 2,Supermarket Type1,2354.2688
300,FDK56,Low Fat,0.130261652,Fruits and Vegetables,185.2898,OUT045,2002,Tier 2,Supermarket Type1,3367.6164
301,FDZ21,Regular,0.03928284,Snack Foods,94.641,OUT049,1999,Tier 1,Supermarket Type1,2799.689
302,FDI26,Low Fat,0.034717799,Canned,179.4344,OUT027,1985,Tier 3,Supermarket Type3,6066.7696
303,FDG04,Low Fat,0.010615026,Frozen Foods,185.1898,OUT019,1985,Tier 1,Grocery Store,374.1796
304,FDR10,Low Fat,0.016804724,Snack Foods,163.4552,OUT010,1998,Tier 3,Grocery Store,649.8208
305,FDW25,LF,0.03736783,Canned,86.9224,OUT013,1987,Tier 3,Supermarket Type1,255.6672
306,FDL27,Low Fat,0.010674255,Meat,63.4826,OUT018,2009,Tier 3,Supermarket Type2,774.9912
307,NCP41,Low Fat,0.016197216,Health and Hygiene,108.8596,OUT013,1987,Tier 3,Supermarket Type1,970.7364
308,FDN01,Low Fat,0.0,Breakfast,178.437,OUT046,1997,Tier 1,Supermarket Type1,1235.059
309,FDR36,Regular,0.203510667,Baking Goods,41.0454,OUT010,1998,Tier 3,Grocery Store,251.6724
310,FDV47,low fat,0.054162439,Breads,85.3566,OUT013,1987,Tier 3,Supermarket Type1,1775.6886
311,FDI41,Regular,0.061955439,Frozen Foods,145.1418,OUT027,1985,Tier 3,Supermarket Type3,4561.3958
312,NCX18,Low Fat,0.008811818,Household,196.511,OUT045,2002,Tier 2,Supermarket Type1,2749.754
313,FDS14,Low Fat,0.050065211,Dairy,157.4288,OUT045,2002,Tier 2,Supermarket Type1,2042.6744
314,FDG60,Low Fat,0.060699725,Baking Goods,233.3616,OUT046,1997,Tier 1,Supermarket Type1,6093.4016
315,FDW26,Regular,0.107223632,Dairy,223.5772,OUT049,1999,Tier 1,Supermarket Type1,2668.5264
316,NCB18,Low Fat,0.041283361,Household,87.0514,OUT035,2004,Tier 2,Supermarket Type1,2125.2336
317,FDX32,Regular,0.0,Fruits and Vegetables,146.2786,OUT010,1998,Tier 3,Grocery Store,433.4358
318,FDT40,Low Fat,0.095331433,Frozen Foods,125.5678,OUT027,1985,Tier 3,Supermarket Type3,2543.356
319,NCU54,Low Fat,0.098622378,Household,208.427,OUT046,1997,Tier 1,Supermarket Type1,5452.902
320,DRE13,low fat,0.027570939,Soft Drinks,86.6198,OUT027,1985,Tier 3,Supermarket Type3,2529.3742
321,FDF34,Regular,0.014047825,Snack Foods,196.5084,OUT045,2002,Tier 2,Supermarket Type1,4364.9848
322,DRM59,Low Fat,0.003597678,Hard Drinks,153.8998,OUT049,1999,Tier 1,Supermarket Type1,2922.1962
323,FDT04,Low Fat,0.107021498,Frozen Foods,40.5822,OUT035,2004,Tier 2,Supermarket Type1,785.644
324,FDR46,Low Fat,0.139985583,Snack Foods,145.276,OUT018,2009,Tier 3,Supermarket Type2,2490.092
325,DRN47,Low Fat,0.016826748,Hard Drinks,179.166,OUT046,1997,Tier 1,Supermarket Type1,3056.022
326,FDB17,Low Fat,0.064208126,Frozen Foods,180.1976,OUT019,1985,Tier 1,Grocery Store,181.0976
327,FDR27,Regular,0.096295326,Meat,133.4942,OUT045,2002,Tier 2,Supermarket Type1,1457.4362
328,FDJ55,Regular,0.023511371,Meat,225.9404,OUT013,1987,Tier 3,Supermarket Type1,4950.8888
329,NCL05,Low Fat,0.048092778,Health and Hygiene,44.477,OUT018,2009,Tier 3,Supermarket Type2,432.77
330,FDL43,Low Fat,0.027064381,Meat,76.367,OUT046,1997,Tier 1,Supermarket Type1,765.67
331,FDX09,Low Fat,0.114243048,Snack Foods,174.937,OUT019,1985,Tier 1,Grocery Store,176.437
332,FDK50,Low Fat,0.028357839,Canned,163.2894,OUT035,2004,Tier 2,Supermarket Type1,4530.1032
333,FDT21,Low Fat,0.020387989,Snack Foods,247.1092,OUT035,2004,Tier 2,Supermarket Type1,4233.1564
334,FDT46,Low Fat,0.053939315,Snack Foods,52.1008,OUT019,1985,Tier 1,Grocery Store,50.6008
335,FDN44,LF,0.022924552,Fruits and Vegetables,157.892,OUT017,2007,Tier 2,Supermarket Type1,1917.504
336,FDQ36,Regular,0.162461219,Baking Goods,39.2848,OUT017,2007,Tier 2,Supermarket Type1,857.5504
337,NCT18,Low Fat,0.059741172,Household,179.6976,OUT017,2007,Tier 2,Supermarket Type1,5070.7328
338,DRH36,Low Fat,0.058444176,Soft Drinks,73.0696,OUT019,1985,Tier 1,Grocery Store,223.7088
339,FDU14,Low Fat,0.034823127,Dairy,248.675,OUT045,2002,Tier 2,Supermarket Type1,4993.5
340,FDZ09,Low Fat,0.104859135,Snack Foods,161.8868,OUT035,2004,Tier 2,Supermarket Type1,4094.67
341,FDH52,Regular,0.043690499,Frozen Foods,60.2194,OUT027,1985,Tier 3,Supermarket Type3,1733.7432
342,FDU15,Regular,0.0,Meat,36.6532,OUT017,2007,Tier 2,Supermarket Type1,755.0172
343,FDU36,Low Fat,0.046232445,Baking Goods,99.4384,OUT013,1987,Tier 3,Supermarket Type1,1379.5376
344,NCP18,Low Fat,0.028459761,Household,149.9708,OUT027,1985,Tier 3,Supermarket Type3,4363.6532
345,FDS32,Regular,0.029700018,Fruits and Vegetables,140.3838,OUT049,1999,Tier 1,Supermarket Type1,1404.838
346,FDJ56,LF,0.183688161,Fruits and Vegetables,100.27,OUT049,1999,Tier 1,Supermarket Type1,998.7
347,FDW19,Regular,0.038657256,Fruits and Vegetables,110.257,OUT018,2009,Tier 3,Supermarket Type2,1757.712
348,FDY28,Regular,0.153011599,Frozen Foods,215.2218,OUT017,2007,Tier 2,Supermarket Type1,3419.5488
349,FDY10,Low Fat,0.049144165,Snack Foods,112.7176,OUT049,1999,Tier 1,Supermarket Type1,1717.764
350,FDS27,Regular,0.012458143,Meat,196.311,OUT046,1997,Tier 1,Supermarket Type1,589.233
351,FDQ16,LF,0.041823046,Frozen Foods,108.0912,OUT045,2002,Tier 2,Supermarket Type1,1965.4416
352,DRK12,Low Fat,0.041683481,Soft Drinks,31.29,OUT027,1985,Tier 3,Supermarket Type3,898.83
353,FDH09,Low Fat,0.056394771,Seafood,51.3982,OUT017,2007,Tier 2,Supermarket Type1,473.3838
354,FDB02,Regular,0.029140008,Canned,176.337,OUT013,1987,Tier 3,Supermarket Type1,3528.74
355,FDZ35,Regular,0.0,Breads,101.699,OUT049,1999,Tier 1,Supermarket Type1,2373.577
356,FDG16,Low Fat,0.089998959,Frozen Foods,215.1192,OUT045,2002,Tier 2,Supermarket Type1,2157.192
357,FDC20,Low Fat,0.024107056,Fruits and Vegetables,56.6272,OUT017,2007,Tier 2,Supermarket Type1,447.4176
358,FDJ15,Regular,0.023322478,Dairy,182.5608,OUT046,1997,Tier 1,Supermarket Type1,3307.6944
359,FDF21,Regular,0.059160135,Fruits and Vegetables,191.553,OUT017,2007,Tier 2,Supermarket Type1,6641.355
360,DRA12,Low Fat,0.041177505,Soft Drinks,140.3154,OUT017,2007,Tier 2,Supermarket Type1,2552.6772
361,FDW44,Regular,0.058835928,Fruits and Vegetables,170.2448,OUT010,1998,Tier 3,Grocery Store,170.4448
362,FDQ03,Regular,0.077999504,Meat,238.0248,OUT035,2004,Tier 2,Supermarket Type1,1896.1984
363,FDA27,Regular,0.030990354,Dairy,256.3672,OUT045,2002,Tier 2,Supermarket Type1,1022.6688
364,FDL46,Low Fat,0.054046706,Snack Foods,119.5466,OUT035,2004,Tier 2,Supermarket Type1,353.5398
365,FDN09,Low Fat,0.034868095,Snack Foods,243.7828,OUT035,2004,Tier 2,Supermarket Type1,6579.4356
366,FDU24,Regular,0.0,Baking Goods,95.012,OUT049,1999,Tier 1,Supermarket Type1,2050.664
367,FDI14,Low Fat,0.090043082,Canned,140.1496,OUT018,2009,Tier 3,Supermarket Type2,846.8976
368,FDQ08,Regular,0.031685529,Fruits and Vegetables,63.1536,OUT010,1998,Tier 3,Grocery Store,122.5072
369,FDX52,Regular,0.041994624,Frozen Foods,194.782,OUT035,2004,Tier 2,Supermarket Type1,3475.476
370,FDF17,Low Fat,0.042861968,Frozen Foods,196.811,OUT017,2007,Tier 2,Supermarket Type1,3731.809
371,FDZ28,Regular,0.051596927,Frozen Foods,128.0678,OUT045,2002,Tier 2,Supermarket Type1,1780.3492
372,FDN10,Low Fat,0.0,Snack Foods,119.5124,OUT018,2009,Tier 3,Supermarket Type2,829.5868
373,FDZ49,Regular,0.13312044,Canned,221.5798,OUT035,2004,Tier 2,Supermarket Type1,4187.2162
374,NCA41,Low Fat,0.032586709,Health and Hygiene,191.9162,OUT046,1997,Tier 1,Supermarket Type1,4040.7402
375,FDB21,Low Fat,0.148492521,Fruits and Vegetables,240.6854,OUT035,2004,Tier 2,Supermarket Type1,1691.7978
376,FDL04,Low Fat,0.112097433,Frozen Foods,105.5622,OUT049,1999,Tier 1,Supermarket Type1,1905.5196
377,FDP23,Low Fat,0.03565903,Breads,218.3166,OUT045,2002,Tier 2,Supermarket Type1,1959.4494
378,NCF43,Low Fat,0.05190268,Household,142.247,OUT013,1987,Tier 3,Supermarket Type1,2862.94
379,FDZ50,Regular,0.0,Dairy,184.2608,OUT027,1985,Tier 3,Supermarket Type3,6064.1064
380,FDA03,Regular,0.0,Dairy,144.2102,OUT035,2004,Tier 2,Supermarket Type1,2041.3428
381,DRH11,Low Fat,0.075192072,Hard Drinks,56.0614,OUT027,1985,Tier 3,Supermarket Type3,2597.2858
382,DRF36,Low Fat,0.039463564,Soft Drinks,189.9846,OUT010,1998,Tier 3,Grocery Store,191.0846
383,NCP06,Low Fat,0.065689432,Household,149.7366,OUT010,1998,Tier 3,Grocery Store,151.1366
384,NCL05,Low Fat,0.083862625,Health and Hygiene,44.077,OUT019,1985,Tier 1,Grocery Store,216.385
385,FDV13,Regular,0.027653795,Canned,88.0856,OUT049,1999,Tier 1,Supermarket Type1,1318.284
386,FDL03,Regular,0.027190917,Meat,194.811,OUT018,2009,Tier 3,Supermarket Type2,2160.521
387,FDX19,Low Fat,0.09688421,Fruits and Vegetables,233.5958,OUT049,1999,Tier 1,Supermarket Type1,2336.958
388,NCF07,Low Fat,0.031867464,Household,101.0016,OUT027,1985,Tier 3,Supermarket Type3,2125.2336
389,FDF11,Regular,0.017627888,Starchy Foods,239.6538,OUT035,2004,Tier 2,Supermarket Type1,2403.538
390,FDH34,Low Fat,0.031143591,Snack Foods,183.9582,OUT049,1999,Tier 1,Supermarket Type1,5386.9878
391,DRH01,Low Fat,0.098457814,Soft Drinks,171.7738,OUT017,2007,Tier 2,Supermarket Type1,2432.8332
392,FDC40,Regular,0.065009745,Dairy,79.5986,OUT013,1987,Tier 3,Supermarket Type1,934.7832
393,NCC07,Low Fat,0.023931217,Household,103.1964,OUT013,1987,Tier 3,Supermarket Type1,736.3748
394,NCN06,Low Fat,0.120396991,Household,163.4868,OUT013,1987,Tier 3,Supermarket Type1,4586.0304
395,FDC20,Low Fat,0.024020078,Fruits and Vegetables,57.2272,OUT045,2002,Tier 2,Supermarket Type1,1174.4712
396,FDD22,Low Fat,0.100055625,Snack Foods,113.3544,OUT018,2009,Tier 3,Supermarket Type2,3467.4864
397,FDQ14,LF,0.061775607,Dairy,150.105,OUT035,2004,Tier 2,Supermarket Type1,2696.49
398,FDZ15,Low Fat,0.020988798,Dairy,117.7782,OUT017,2007,Tier 2,Supermarket Type1,1191.782
399,NCN30,LF,0.016910914,Household,96.641,OUT027,1985,Tier 3,Supermarket Type3,1544.656
400,NCT17,LF,0.041831008,Health and Hygiene,186.6214,OUT013,1987,Tier 3,Supermarket Type1,2261.0568
401,FDV26,Regular,0.076314907,Dairy,196.7794,OUT045,2002,Tier 2,Supermarket Type1,2731.1116
402,NCM29,Low Fat,0.017556795,Health and Hygiene,129.9626,OUT027,1985,Tier 3,Supermarket Type3,3410.2276
403,FDR08,Low Fat,0.037699254,Fruits and Vegetables,110.2886,OUT045,2002,Tier 2,Supermarket Type1,2223.772
404,FDT07,Regular,0.077304459,Fruits and Vegetables,257.633,OUT035,2004,Tier 2,Supermarket Type1,4613.994
405,FDI52,Low Fat,0.104840884,Frozen Foods,122.1072,OUT049,1999,Tier 1,Supermarket Type1,490.0288
406,FDX52,Regular,0.04224015,Frozen Foods,194.982,OUT017,2007,Tier 2,Supermarket Type1,3089.312
407,DRK49,Low Fat,0.035943717,Soft Drinks,40.5138,OUT046,1997,Tier 1,Supermarket Type1,446.7518
408,NCP43,Low Fat,0.030501281,Others,180.566,OUT035,2004,Tier 2,Supermarket Type1,3415.554
409,FDT55,Regular,0.0,Fruits and Vegetables,156.4946,OUT049,1999,Tier 1,Supermarket Type1,2998.0974
410,FDX39,Regular,0.083147702,Meat,210.1586,OUT010,1998,Tier 3,Grocery Store,422.1172
411,FDN13,LF,0.151931742,Breakfast,101.1358,OUT013,1987,Tier 3,Supermarket Type1,1105.8938
412,FDQ27,Regular,0.044252621,Meat,102.599,OUT046,1997,Tier 1,Supermarket Type1,1651.184
413,FDF12,Low Fat,0.08259502,Baking Goods,149.1076,OUT045,2002,Tier 2,Supermarket Type1,1182.4608
414,FDV39,LF,0.007279889,Meat,199.3426,OUT046,1997,Tier 1,Supermarket Type1,2372.9112
415,FDL57,Regular,0.067020992,Snack Foods,260.3304,OUT013,1987,Tier 3,Supermarket Type1,5424.9384
416,NCM41,Low Fat,0.035626319,Health and Hygiene,93.112,OUT013,1987,Tier 3,Supermarket Type1,932.12
417,FDJ33,Regular,0.088305478,Snack Foods,123.473,OUT035,2004,Tier 2,Supermarket Type1,1478.076
418,FDF08,Regular,0.065153295,Fruits and Vegetables,88.4856,OUT013,1987,Tier 3,Supermarket Type1,1406.1696
419,FDY38,Regular,0.119077255,Dairy,231.23,OUT013,1987,Tier 3,Supermarket Type1,2330.3
420,NCP06,Low Fat,0.039467795,Household,151.7366,OUT017,2007,Tier 2,Supermarket Type1,604.5464
421,FDR04,Low Fat,0.0,Frozen Foods,98.0068,OUT018,2009,Tier 3,Supermarket Type2,874.8612
422,FDB14,Regular,0.0,Canned,92.312,OUT019,1985,Tier 1,Grocery Store,372.848
423,FDA20,Low Fat,0.066892471,Fruits and Vegetables,186.424,OUT018,2009,Tier 3,Supermarket Type2,1304.968
424,FDA21,Low Fat,0.036107198,Snack Foods,184.4924,OUT018,2009,Tier 3,Supermarket Type2,5182.5872
425,FDS26,Low Fat,0.089975294,Dairy,261.6594,OUT017,2007,Tier 2,Supermarket Type1,7588.1226
426,NCC18,Low Fat,0.177236497,Household,172.3422,OUT035,2004,Tier 2,Supermarket Type1,2586.633
427,FDH27,Low Fat,0.058298384,Dairy,145.8128,OUT013,1987,Tier 3,Supermarket Type1,1725.7536
428,FDA13,Low Fat,0.078540095,Canned,36.3506,OUT035,2004,Tier 2,Supermarket Type1,607.2096
429,NCJ05,Low Fat,0.046079558,Health and Hygiene,151.5682,OUT035,2004,Tier 2,Supermarket Type1,1982.0866
430,NCX53,LF,0.025002878,Health and Hygiene,140.4154,OUT010,1998,Tier 3,Grocery Store,567.2616
431,DRB13,Regular,0.007084185,Soft Drinks,191.153,OUT017,2007,Tier 2,Supermarket Type1,3415.554
432,FDO50,Low Fat,0.078168739,Canned,91.3804,OUT046,1997,Tier 1,Supermarket Type1,1653.8472
433,DRM47,Low Fat,0.073288275,Hard Drinks,189.1846,OUT010,1998,Tier 3,Grocery Store,382.1692
434,NCK17,Low Fat,0.0,Health and Hygiene,40.348,OUT019,1985,Tier 1,Grocery Store,79.896
435,FDU04,Low Fat,0.0,Frozen Foods,121.8414,OUT046,1997,Tier 1,Supermarket Type1,2802.3522
436,FDN32,Low Fat,0.01558456,Fruits and Vegetables,185.1266,OUT049,1999,Tier 1,Supermarket Type1,4795.0916
437,NCF06,Low Fat,0.033807904,Household,258.9962,OUT010,1998,Tier 3,Grocery Store,258.9962
438,NCD54,Low Fat,0.029173031,Household,145.7786,OUT017,2007,Tier 2,Supermarket Type1,1444.786
439,FDO45,Regular,0.037768989,Snack Foods,88.5856,OUT027,1985,Tier 3,Supermarket Type3,1845.5976
440,FDA39,Low Fat,0.012707362,Meat,41.0822,OUT013,1987,Tier 3,Supermarket Type1,942.7728
441,FDA57,Low Fat,0.03961061,Snack Foods,41.648,OUT013,1987,Tier 3,Supermarket Type1,759.012
442,FDR37,Regular,0.066352552,Breakfast,181.2292,OUT049,1999,Tier 1,Supermarket Type1,4195.8716
443,FDB27,Low Fat,0.055476238,Dairy,196.8768,OUT049,1999,Tier 1,Supermarket Type1,1182.4608
444,FDB08,Low Fat,0.030952737,Fruits and Vegetables,160.1578,OUT027,1985,Tier 3,Supermarket Type3,3048.6982
445,FDB26,reg,0.031267496,Canned,51.464,OUT046,1997,Tier 1,Supermarket Type1,692.432
446,FDU19,Regular,0.047036036,Fruits and Vegetables,170.5422,OUT017,2007,Tier 2,Supermarket Type1,2759.0752
447,FDP44,Regular,0.07964724,Fruits and Vegetables,101.4332,OUT013,1987,Tier 3,Supermarket Type1,1948.1308
448,FDJ08,Low Fat,0.11089655,Fruits and Vegetables,191.5846,OUT045,2002,Tier 2,Supermarket Type1,2101.9306
449,FDF22,Low Fat,0.056919038,Snack Foods,212.8218,OUT049,1999,Tier 1,Supermarket Type1,5770.4886
450,FDT34,LF,0.291826616,Snack Foods,107.1964,OUT010,1998,Tier 3,Grocery Store,420.7856
451,NCY29,Low Fat,0.077219509,Health and Hygiene,56.493,OUT035,2004,Tier 2,Supermarket Type1,509.337
452,FDF58,Low Fat,0.009534758,Snack Foods,64.551,OUT027,1985,Tier 3,Supermarket Type3,1201.769
453,FDD38,Regular,0.008204465,Canned,99.8674,OUT049,1999,Tier 1,Supermarket Type1,2342.9502
454,FDY33,Regular,0.0,Snack Foods,159.3262,OUT035,2004,Tier 2,Supermarket Type1,2864.2716
455,FDC38,Low Fat,0.122392031,Canned,133.1942,OUT013,1987,Tier 3,Supermarket Type1,2782.3782
456,FDD04,Low Fat,0.08989642,Dairy,143.4154,OUT013,1987,Tier 3,Supermarket Type1,1985.4156
457,FDD51,low fat,0.119852889,Dairy,44.9744,OUT013,1987,Tier 3,Supermarket Type1,498.0184
458,FDD47,reg,0.142699588,Starchy Foods,171.7448,OUT045,2002,Tier 2,Supermarket Type1,4431.5648
459,FDR01,Regular,0.053924587,Canned,198.2742,OUT017,2007,Tier 2,Supermarket Type1,4379.6324
460,FDG60,Low Fat,0.060688248,Baking Goods,234.2616,OUT035,2004,Tier 2,Supermarket Type1,4687.232
461,FDN34,Regular,0.045542628,Snack Foods,170.7132,OUT027,1985,Tier 3,Supermarket Type3,4904.2828
462,NCR17,Low Fat,0.024432767,Health and Hygiene,116.4492,OUT045,2002,Tier 2,Supermarket Type1,2780.3808
463,NCE18,Low Fat,0.021425341,Household,250.175,OUT046,1997,Tier 1,Supermarket Type1,2996.1
464,FDF56,Regular,0.119647957,Fruits and Vegetables,180.9976,OUT049,1999,Tier 1,Supermarket Type1,4165.2448
465,FDR55,reg,0.13283066,Fruits and Vegetables,190.6872,OUT017,2007,Tier 2,Supermarket Type1,2269.0464
466,FDR16,Regular,0.105445801,Frozen Foods,214.4218,OUT018,2009,Tier 3,Supermarket Type2,1496.0526
467,NCJ17,Low Fat,0.152429537,Health and Hygiene,85.5224,OUT013,1987,Tier 3,Supermarket Type1,1278.336
468,FDD39,Low Fat,0.070154899,Dairy,218.185,OUT046,1997,Tier 1,Supermarket Type1,5193.24
469,FDA56,Low Fat,0.008778413,Fruits and Vegetables,122.4414,OUT049,1999,Tier 1,Supermarket Type1,1583.9382
470,FDX43,Low Fat,0.085258864,Fruits and Vegetables,165.85,OUT035,2004,Tier 2,Supermarket Type1,1830.95
471,NCX54,Low Fat,0.048157338,Household,106.1622,OUT045,2002,Tier 2,Supermarket Type1,2117.244
472,NCF19,Low Fat,0.035307322,Household,47.5034,OUT017,2007,Tier 2,Supermarket Type1,680.4476
473,FDZ16,Regular,0.279886948,Frozen Foods,193.1478,OUT019,1985,Tier 1,Grocery Store,387.4956
474,FDQ26,Regular,0.067543727,Dairy,57.2562,OUT027,1985,Tier 3,Supermarket Type3,2073.967
475,FDS47,Low Fat,0.12961476,Breads,86.1856,OUT017,2007,Tier 2,Supermarket Type1,1406.1696
476,FDU02,Low Fat,0.10249212,Dairy,230.5352,OUT035,2004,Tier 2,Supermarket Type1,2748.4224
477,FDA32,Low Fat,0.050371508,Fruits and Vegetables,214.7192,OUT010,1998,Tier 3,Grocery Store,862.8768
478,NCD06,Low Fat,0.099479703,Household,44.906,OUT049,1999,Tier 1,Supermarket Type1,652.484
479,NCM06,Low Fat,0.076036381,Household,153.9656,OUT018,2009,Tier 3,Supermarket Type2,2625.9152
480,FDB36,Regular,0.048486801,Baking Goods,131.2626,OUT013,1987,Tier 3,Supermarket Type1,3410.2276
481,FDH57,Low Fat,0.035893143,Fruits and Vegetables,131.3284,OUT018,2009,Tier 3,Supermarket Type2,1318.284
482,DRF49,Low Fat,0.071077939,Soft Drinks,114.2518,OUT046,1997,Tier 1,Supermarket Type1,2618.5914
483,NCE30,Low Fat,0.0,Household,210.4902,OUT045,2002,Tier 2,Supermarket Type1,3610.6334
484,DRK47,Low Fat,0.064325351,Hard Drinks,230.2694,OUT018,2009,Tier 3,Supermarket Type2,3197.1716
485,NCQ05,Low Fat,0.021649904,Health and Hygiene,150.8708,OUT045,2002,Tier 2,Supermarket Type1,4363.6532
486,DRM37,Low Fat,0.096943078,Soft Drinks,196.5768,OUT017,2007,Tier 2,Supermarket Type1,7685.9952
487,FDN16,Regular,0.062648111,Frozen Foods,104.899,OUT013,1987,Tier 3,Supermarket Type1,1960.781
488,FDC46,Low Fat,0.116542484,Snack Foods,182.6266,OUT046,1997,Tier 1,Supermarket Type1,3504.1054
489,NCI54,Low Fat,0.056237906,Household,110.7912,OUT010,1998,Tier 3,Grocery Store,109.1912
490,FDC22,Regular,0.136428395,Snack Foods,193.982,OUT046,1997,Tier 1,Supermarket Type1,1737.738
491,FDM04,Regular,0.04719387,Frozen Foods,52.8666,OUT049,1999,Tier 1,Supermarket Type1,1384.1982
492,NCI55,Low Fat,0.012643035,Household,119.8414,OUT013,1987,Tier 3,Supermarket Type1,365.5242
493,FDQ36,Regular,0.161798604,Baking Goods,37.2848,OUT049,1999,Tier 1,Supermarket Type1,745.696
494,FDX44,Low Fat,0.043033346,Fruits and Vegetables,89.4172,OUT049,1999,Tier 1,Supermarket Type1,1159.8236
495,NCM05,Low Fat,0.100171568,Health and Hygiene,262.7226,OUT010,1998,Tier 3,Grocery Store,264.3226
496,NCL06,Low Fat,0.072212787,Household,260.9594,OUT045,2002,Tier 2,Supermarket Type1,2878.2534
497,NCV29,LF,0.022824491,Health and Hygiene,177.0686,OUT013,1987,Tier 3,Supermarket Type1,3022.0662
498,NCN19,Low Fat,0.012167988,Others,190.253,OUT017,2007,Tier 2,Supermarket Type1,4174.566
499,FDD36,Low Fat,0.035607579,Baking Goods,119.9124,OUT010,1998,Tier 3,Grocery Store,118.5124
500,FDH12,Low Fat,0.085434195,Baking Goods,105.028,OUT017,2007,Tier 2,Supermarket Type1,2556.672
501,FDE44,Low Fat,0.172357491,Fruits and Vegetables,50.8692,OUT017,2007,Tier 2,Supermarket Type1,788.3072
502,FDS10,Low Fat,0.035185588,Snack Foods,181.3318,OUT046,1997,Tier 1,Supermarket Type1,1443.4544
503,DRL11,low fat,0.04778563,Hard Drinks,156.5946,OUT027,1985,Tier 3,Supermarket Type3,3787.0704
504,FDW11,Low Fat,0.048545853,Breads,60.1194,OUT027,1985,Tier 3,Supermarket Type3,1114.5492
505,FDG38,Regular,0.05281112,Canned,86.6224,OUT049,1999,Tier 1,Supermarket Type1,1704.448
506,FDA13,Low Fat,0.137539574,Canned,38.8506,OUT019,1985,Tier 1,Grocery Store,37.9506
507,FDY24,Regular,0.0,Baking Goods,53.1298,OUT035,2004,Tier 2,Supermarket Type1,808.947
508,FDC20,low fat,0.041970938,Fruits and Vegetables,55.4272,OUT019,1985,Tier 1,Grocery Store,111.8544
509,NCE18,Low Fat,0.021468792,Household,251.675,OUT045,2002,Tier 2,Supermarket Type1,4244.475
510,FDJ34,Regular,0.093202196,Snack Foods,125.5704,OUT027,1985,Tier 3,Supermarket Type3,1001.3632
511,NCP54,Low Fat,0.035143024,Household,124.373,OUT035,2004,Tier 2,Supermarket Type1,2093.941
512,FDU16,Regular,0.058365706,Frozen Foods,82.1908,OUT049,1999,Tier 1,Supermarket Type1,2432.8332
513,NCW54,Low Fat,0.0,Household,59.2588,OUT049,1999,Tier 1,Supermarket Type1,916.1408
514,FDL04,Low Fat,0.111902259,Frozen Foods,105.4622,OUT035,2004,Tier 2,Supermarket Type1,1905.5196
515,DRG23,Low Fat,0.086764795,Hard Drinks,153.8682,OUT035,2004,Tier 2,Supermarket Type1,1829.6184
516,FDO60,Low Fat,0.057527544,Baking Goods,43.1086,OUT010,1998,Tier 3,Grocery Store,89.2172
517,NCJ29,Low Fat,0.035336287,Health and Hygiene,87.0224,OUT018,2009,Tier 3,Supermarket Type2,1193.1136
518,NCB31,Low Fat,0.119157788,Household,263.791,OUT018,2009,Tier 3,Supermarket Type2,2103.928
519,FDH58,low fat,0.037148619,Snack Foods,116.8834,OUT017,2007,Tier 2,Supermarket Type1,2649.2182
520,FDD50,Low Fat,0.141615436,Canned,169.0132,OUT035,2004,Tier 2,Supermarket Type1,1860.2452
521,NCE06,LF,0.153127523,Household,162.4894,OUT010,1998,Tier 3,Grocery Store,323.5788
522,FDO12,Low Fat,0.054920146,Baking Goods,195.8452,OUT035,2004,Tier 2,Supermarket Type1,4893.63
523,FDX36,Regular,0.128543405,Baking Goods,226.5404,OUT045,2002,Tier 2,Supermarket Type1,4500.808
524,FDJ45,Low Fat,0.073396761,Seafood,35.1216,OUT035,2004,Tier 2,Supermarket Type1,830.9184
525,NCO42,Low Fat,0.024795057,Household,147.4102,OUT017,2007,Tier 2,Supermarket Type1,3791.0652
526,FDN28,Regular,0.030242184,Frozen Foods,101.799,OUT035,2004,Tier 2,Supermarket Type1,515.995
527,FDO15,Regular,0.008615,Meat,72.4038,OUT017,2007,Tier 2,Supermarket Type1,739.038
528,FDU39,Low Fat,0.035863436,Meat,58.3562,OUT027,1985,Tier 3,Supermarket Type3,1125.8678
529,NCR41,Low Fat,0.01806055,Health and Hygiene,97.0094,OUT045,2002,Tier 2,Supermarket Type1,2094.6068
530,FDI52,Low Fat,0.104591027,Frozen Foods,121.4072,OUT013,1987,Tier 3,Supermarket Type1,2450.144
531,FDE41,Regular,0.064113698,Frozen Foods,86.5566,OUT049,1999,Tier 1,Supermarket Type1,1183.7924
532,FDB37,Regular,0.022921735,Baking Goods,240.7538,OUT013,1987,Tier 3,Supermarket Type1,3364.9532
533,FDD29,Low Fat,0.018514652,Frozen Foods,252.7698,OUT017,2007,Tier 2,Supermarket Type1,5834.4054
534,FDU20,Regular,0.021453493,Fruits and Vegetables,120.3098,OUT035,2004,Tier 2,Supermarket Type1,2530.7058
535,FDH53,Regular,0.019199733,Frozen Foods,84.3592,OUT046,1997,Tier 1,Supermarket Type1,1816.3024
536,FDO20,Regular,0.152988295,Fruits and Vegetables,253.7382,OUT017,2007,Tier 2,Supermarket Type1,2271.0438
537,NCW17,Low Fat,0.019386234,Health and Hygiene,126.8994,OUT046,1997,Tier 1,Supermarket Type1,3083.9856
538,NCN42,Low Fat,0.014251461,Household,148.6418,OUT045,2002,Tier 2,Supermarket Type1,2648.5524
539,DRL23,Low Fat,0.015328106,Hard Drinks,107.5938,OUT049,1999,Tier 1,Supermarket Type1,1822.2946
540,FDG50,Low Fat,0.015334003,Canned,92.7146,OUT018,2009,Tier 3,Supermarket Type2,1185.7898
541,DRZ11,Regular,0.112119359,Soft Drinks,123.0388,OUT027,1985,Tier 3,Supermarket Type3,1981.4208
542,FDU58,Regular,0.0,Snack Foods,186.4898,OUT045,2002,Tier 2,Supermarket Type1,2993.4368
543,FDI56,Low Fat,0.092933158,Fruits and Vegetables,91.0146,OUT027,1985,Tier 3,Supermarket Type3,3466.1548
544,NCQ05,Low Fat,0.0,Health and Hygiene,149.2708,OUT017,2007,Tier 2,Supermarket Type1,2407.5328
545,FDX36,Regular,0.128176489,Baking Goods,224.8404,OUT013,1987,Tier 3,Supermarket Type1,3600.6464
546,FDP49,Regular,0.0,Breakfast,55.2614,OUT018,2009,Tier 3,Supermarket Type2,552.614
547,FDA01,Regular,0.054488534,Canned,57.5904,OUT045,2002,Tier 2,Supermarket Type1,468.7232
548,FDE29,Low Fat,0.142436015,Frozen Foods,62.3878,OUT027,1985,Tier 3,Supermarket Type3,1514.695
549,FDK45,LF,0.033858187,Seafood,113.386,OUT046,1997,Tier 1,Supermarket Type1,2603.278
550,DRI39,Low Fat,0.097043739,Dairy,57.493,OUT035,2004,Tier 2,Supermarket Type1,1358.232
551,NCB43,Low Fat,0.099428487,Household,187.8898,OUT027,1985,Tier 3,Supermarket Type3,7296.5022
552,FDD03,Low Fat,0.079791176,Dairy,232.73,OUT035,2004,Tier 2,Supermarket Type1,2796.36
553,FDK51,Low Fat,0.005234153,Dairy,264.0884,OUT035,2004,Tier 2,Supermarket Type1,5829.7448
554,FDY34,Regular,0.01100413,Snack Foods,167.1842,OUT045,2002,Tier 2,Supermarket Type1,2984.1156
555,FDO52,Regular,0.077100381,Frozen Foods,172.4106,OUT013,1987,Tier 3,Supermarket Type1,1539.9954
556,FDD05,Low Fat,0.016611475,Frozen Foods,122.0098,OUT046,1997,Tier 1,Supermarket Type1,2651.2156
557,DRC01,Regular,0.019278216,Soft Drinks,48.2692,OUT018,2009,Tier 3,Supermarket Type2,443.4228
558,FDZ25,Regular,0.02748331,Canned,169.379,OUT027,1985,Tier 3,Supermarket Type3,5602.707
559,NCG42,Low Fat,0.041395775,Household,129.731,OUT018,2009,Tier 3,Supermarket Type2,1298.31
560,FDV15,Low Fat,0.146767897,Meat,102.3648,OUT018,2009,Tier 3,Supermarket Type2,1557.972
561,FDW07,Regular,0.142978223,Fruits and Vegetables,87.4514,OUT045,2002,Tier 2,Supermarket Type1,796.9626
562,FDR12,Regular,0.031663212,Baking Goods,173.2764,OUT018,2009,Tier 3,Supermarket Type2,1030.6584
563,FDA10,LF,0.248301532,Snack Foods,124.1072,OUT019,1985,Tier 1,Grocery Store,245.0144
564,FDA44,Low Fat,0.053330653,Fruits and Vegetables,56.793,OUT045,2002,Tier 2,Supermarket Type1,848.895
565,FDE40,Regular,0.098663652,Dairy,62.9194,OUT027,1985,Tier 3,Supermarket Type3,2105.2596
566,FDU59,Low Fat,0.096306016,Breads,161.9552,OUT013,1987,Tier 3,Supermarket Type1,2111.9176
567,DRI51,Low Fat,0.042233642,Dairy,173.3764,OUT035,2004,Tier 2,Supermarket Type1,2061.3168
568,FDJ32,Low Fat,0.057744249,Fruits and Vegetables,61.2536,OUT013,1987,Tier 3,Supermarket Type1,673.7896
569,NCK29,Low Fat,0.0,Health and Hygiene,125.173,OUT027,1985,Tier 3,Supermarket Type3,3572.017
570,DRJ23,Low Fat,0.041904578,Hard Drinks,188.1872,OUT017,2007,Tier 2,Supermarket Type1,4159.9184
571,FDU01,Regular,0.011937183,Canned,184.7924,OUT027,1985,Tier 3,Supermarket Type3,4442.2176
572,NCP41,Low Fat,0.028382853,Health and Hygiene,109.4596,OUT019,1985,Tier 1,Grocery Store,647.1576
573,FDX21,LF,0.084949955,Snack Foods,109.7912,OUT035,2004,Tier 2,Supermarket Type1,1091.912
574,FDZ09,Low Fat,0.105472205,Snack Foods,165.6868,OUT017,2007,Tier 2,Supermarket Type1,3111.9492
575,NCC42,Low Fat,0.044908404,Health and Hygiene,140.2838,OUT046,1997,Tier 1,Supermarket Type1,1404.838
576,FDC10,Regular,0.072990979,Snack Foods,121.6098,OUT049,1999,Tier 1,Supermarket Type1,1566.6274
577,FDR02,Low Fat,0.022099982,Dairy,110.1886,OUT049,1999,Tier 1,Supermarket Type1,1334.2632
578,FDR55,Regular,0.131973625,Fruits and Vegetables,187.9872,OUT013,1987,Tier 3,Supermarket Type1,2458.1336
579,NCF07,Low Fat,0.032072321,Household,102.2016,OUT049,1999,Tier 1,Supermarket Type1,1416.8224
580,FDN60,Low Fat,0.095696334,Baking Goods,159.7604,OUT017,2007,Tier 2,Supermarket Type1,2693.8268
581,FDT55,Regular,0.043743689,Fruits and Vegetables,157.7946,OUT045,2002,Tier 2,Supermarket Type1,1104.5622
582,FDB23,Regular,0.00978492,Starchy Foods,225.9062,OUT019,1985,Tier 1,Grocery Store,451.4124
583,FDS39,Low Fat,0.022441883,Meat,143.8812,OUT013,1987,Tier 3,Supermarket Type1,2707.1428
584,FDN02,Low Fat,0.073977473,Canned,206.8638,OUT045,2002,Tier 2,Supermarket Type1,2070.638
585,FDU08,LF,0.027183141,Fruits and Vegetables,99.7042,OUT027,1985,Tier 3,Supermarket Type3,3868.9638
586,FDV32,Low Fat,0.089069748,Fruits and Vegetables,62.751,OUT018,2009,Tier 3,Supermarket Type2,1707.777
587,FDO11,Regular,0.050657232,Breads,249.9092,OUT010,1998,Tier 3,Grocery Store,249.0092
588,FDK25,Regular,0.157075658,Breakfast,166.6474,OUT049,1999,Tier 1,Supermarket Type1,4211.185
589,FDE46,Low Fat,0.015766712,Snack Foods,152.9366,OUT035,2004,Tier 2,Supermarket Type1,1662.5026
590,FDD10,Regular,0.045982389,Snack Foods,177.0344,OUT013,1987,Tier 3,Supermarket Type1,535.3032
591,FDR15,reg,0.033489979,Meat,156.6314,OUT049,1999,Tier 1,Supermarket Type1,1241.0512
592,FDY07,Low Fat,0.0,Fruits and Vegetables,45.2402,OUT018,2009,Tier 3,Supermarket Type2,1148.505
593,FDR60,Low Fat,0.13030659,Baking Goods,75.7328,OUT013,1987,Tier 3,Supermarket Type1,617.8624
594,FDS13,Low Fat,0.21799414,Canned,266.5884,OUT019,1985,Tier 1,Grocery Store,1324.942
595,FDJ09,low fat,0.0,Snack Foods,47.2744,OUT035,2004,Tier 2,Supermarket Type1,679.116
596,FDL12,Regular,0.121043709,Baking Goods,59.422,OUT027,1985,Tier 3,Supermarket Type3,1078.596
597,FDM60,Regular,0.0,Baking Goods,40.7138,OUT017,2007,Tier 2,Supermarket Type1,406.138
598,FDJ26,Regular,0.08511049,Canned,215.7218,OUT018,2009,Tier 3,Supermarket Type2,1923.4962
599,NCQ38,Low Fat,0.013363902,Others,106.128,OUT035,2004,Tier 2,Supermarket Type1,1917.504
600,FDI28,Low Fat,0.026299797,Frozen Foods,79.4302,OUT013,1987,Tier 3,Supermarket Type1,1743.0644
601,FDI16,Regular,0.135775701,Frozen Foods,54.564,OUT046,1997,Tier 1,Supermarket Type1,1597.92
602,FDL20,Low Fat,0.224837308,Fruits and Vegetables,112.7886,OUT019,1985,Tier 1,Grocery Store,222.3772
603,FDE14,Regular,0.031418984,Canned,99.27,OUT013,1987,Tier 3,Supermarket Type1,2596.62
604,NCA54,Low Fat,0.036715907,Household,180.0318,OUT045,2002,Tier 2,Supermarket Type1,3969.4996
605,DRH39,Low Fat,0.09261307,Dairy,76.367,OUT013,1987,Tier 3,Supermarket Type1,306.268
606,FDH32,Low Fat,0.076045655,Fruits and Vegetables,96.541,OUT035,2004,Tier 2,Supermarket Type1,3765.099
607,FDG05,Regular,0.087421738,Frozen Foods,154.463,OUT027,1985,Tier 3,Supermarket Type3,2972.797
608,FDV07,Low Fat,0.031131455,Fruits and Vegetables,111.0228,OUT027,1985,Tier 3,Supermarket Type3,3205.1612
609,FDZ51,Regular,0.054637635,Meat,93.3094,OUT049,1999,Tier 1,Supermarket Type1,3046.7008
610,DRZ24,Low Fat,0.0,Soft Drinks,121.644,OUT045,2002,Tier 2,Supermarket Type1,1557.972
611,FDF34,Regular,0.014098693,Snack Foods,197.7084,OUT017,2007,Tier 2,Supermarket Type1,3372.9428
612,FDC40,Regular,0.065051586,Dairy,76.1986,OUT035,2004,Tier 2,Supermarket Type1,1090.5804
613,FDF41,Low Fat,0.131921819,Frozen Foods,246.346,OUT017,2007,Tier 2,Supermarket Type1,739.038
614,FDO08,Regular,0.053765212,Fruits and Vegetables,163.1526,OUT035,2004,Tier 2,Supermarket Type1,1808.9786
615,DRH51,Low Fat,0.170213676,Dairy,89.5856,OUT019,1985,Tier 1,Grocery Store,175.7712
616,FDK16,Low Fat,0.114771298,Frozen Foods,93.9094,OUT027,1985,Tier 3,Supermarket Type3,3903.5854
617,FDL48,Regular,0.082250863,Baking Goods,48.7034,OUT035,2004,Tier 2,Supermarket Type1,534.6374
618,FDP28,Regular,0.08062523,Frozen Foods,259.6936,OUT035,2004,Tier 2,Supermarket Type1,2087.9488
619,FDN21,LF,0.076483451,Snack Foods,163.1236,OUT027,1985,Tier 3,Supermarket Type3,2416.854
620,NCM17,Low Fat,0.071425647,Health and Hygiene,45.9086,OUT018,2009,Tier 3,Supermarket Type2,1070.6064
621,NCD43,Low Fat,0.016052446,Household,106.7964,OUT045,2002,Tier 2,Supermarket Type1,1367.5532
622,NCN43,Low Fat,0.006770252,Others,124.473,OUT049,1999,Tier 1,Supermarket Type1,1231.73
623,FDI21,Regular,0.056328717,Snack Foods,63.9168,OUT027,1985,Tier 3,Supermarket Type3,1597.92
624,DRF36,LF,0.023625114,Soft Drinks,189.3846,OUT045,2002,Tier 2,Supermarket Type1,3630.6074
625,FDI57,Low Fat,0.053764023,Seafood,195.7768,OUT027,1985,Tier 3,Supermarket Type3,3547.3824
626,FDT14,Regular,0.128247408,Dairy,121.844,OUT018,2009,Tier 3,Supermarket Type2,2277.036
627,FDB35,Regular,0.113139486,Starchy Foods,92.9804,OUT019,1985,Tier 1,Grocery Store,183.7608
628,FDV35,Low Fat,0.128206001,Breads,155.9314,OUT046,1997,Tier 1,Supermarket Type1,3878.285
629,FDC21,Regular,0.075215349,Fruits and Vegetables,108.4254,OUT019,1985,Tier 1,Grocery Store,217.0508
630,NCB55,Low Fat,0.160529322,Household,59.2562,OUT013,1987,Tier 3,Supermarket Type1,296.281
631,FDL33,Low Fat,0.10016525,Snack Foods,193.9452,OUT045,2002,Tier 2,Supermarket Type1,2936.178
632,FDE23,Regular,0.053288857,Starchy Foods,47.306,OUT045,2002,Tier 2,Supermarket Type1,605.878
633,NCD55,Low Fat,0.040725405,Household,43.4454,OUT010,1998,Tier 3,Grocery Store,41.9454
634,NCL41,Low Fat,0.041737627,Health and Hygiene,33.1216,OUT046,1997,Tier 1,Supermarket Type1,519.324
635,DRJ51,Low Fat,0.087920675,Dairy,228.5668,OUT013,1987,Tier 3,Supermarket Type1,1151.834
636,FDI41,Regular,0.062205112,Frozen Foods,148.3418,OUT013,1987,Tier 3,Supermarket Type1,1765.7016
637,NCC30,Low Fat,0.027556247,Household,176.6344,OUT013,1987,Tier 3,Supermarket Type1,1962.7784
638,FDA36,Low Fat,0.005661669,Baking Goods,186.5924,OUT013,1987,Tier 3,Supermarket Type1,2591.2936
639,DRL37,Low Fat,0.053113721,Soft Drinks,44.377,OUT027,1985,Tier 3,Supermarket Type3,1211.756
640,FDF16,Low Fat,0.086060695,Frozen Foods,149.8076,OUT013,1987,Tier 3,Supermarket Type1,2808.3444
641,FDG20,Regular,0.210375806,Fruits and Vegetables,178.2028,OUT010,1998,Tier 3,Grocery Store,177.1028
642,FDR60,Low Fat,0.129783577,Baking Goods,78.2328,OUT027,1985,Tier 3,Supermarket Type3,1004.0264
643,FDQ08,Regular,0.018926773,Fruits and Vegetables,60.2536,OUT035,2004,Tier 2,Supermarket Type1,1163.8184
644,FDX46,Regular,0.058207114,Snack Foods,59.1562,OUT049,1999,Tier 1,Supermarket Type1,1185.124
645,FDN15,Low Fat,0.028009382,Meat,141.718,OUT010,1998,Tier 3,Grocery Store,419.454
646,FDQ39,Low Fat,0.081042136,Meat,192.4846,OUT046,1997,Tier 1,Supermarket Type1,5159.2842
647,FDK25,Regular,0.156072361,Breakfast,169.3474,OUT027,1985,Tier 3,Supermarket Type3,3874.2902
648,NCQ29,Low Fat,0.0,Health and Hygiene,262.3278,OUT017,2007,Tier 2,Supermarket Type1,1561.9668
649,NCK17,Low Fat,0.03786331,Health and Hygiene,40.948,OUT013,1987,Tier 3,Supermarket Type1,319.584
650,FDP33,Low Fat,0.0,Snack Foods,256.6672,OUT018,2009,Tier 3,Supermarket Type2,3068.0064
651,DRF23,Low Fat,0.205294827,Hard Drinks,172.8396,OUT010,1998,Tier 3,Grocery Store,174.4396
652,FDU57,Regular,0.089735804,Snack Foods,148.7708,OUT045,2002,Tier 2,Supermarket Type1,2708.4744
653,FDQ10,Low Fat,0.03324652,Snack Foods,172.4422,OUT045,2002,Tier 2,Supermarket Type1,4483.4972
654,FDH40,Regular,0.078929571,Frozen Foods,79.9276,OUT046,1997,Tier 1,Supermarket Type1,1137.1864
655,FDI02,Regular,0.11454343,Canned,113.7202,OUT035,2004,Tier 2,Supermarket Type1,3263.0858
656,NCK53,Low Fat,0.062903297,Health and Hygiene,100.4042,OUT010,1998,Tier 3,Grocery Store,595.2252
657,FDV28,Regular,0.160379061,Frozen Foods,33.6558,OUT018,2009,Tier 3,Supermarket Type2,203.7348
658,FDY15,Regular,0.17179432,Dairy,154.663,OUT017,2007,Tier 2,Supermarket Type1,2659.871
659,NCB07,Low Fat,0.129731747,Household,196.211,OUT010,1998,Tier 3,Grocery Store,589.233
660,FDR27,Regular,0.095635061,Meat,130.7942,OUT027,1985,Tier 3,Supermarket Type3,3047.3666
661,FDS10,Low Fat,0.0350152,Snack Foods,182.0318,OUT027,1985,Tier 3,Supermarket Type3,5954.2494
662,FDK55,Low Fat,0.02586664,Meat,88.9172,OUT018,2009,Tier 3,Supermarket Type2,1695.1268
663,FDL38,Regular,0.014661762,Canned,89.1172,OUT027,1985,Tier 3,Supermarket Type3,2319.6472
664,FDU39,LF,0.036037952,Meat,58.4562,OUT046,1997,Tier 1,Supermarket Type1,711.0744
665,FDV51,Low Fat,0.054463442,Meat,163.8842,OUT010,1998,Tier 3,Grocery Store,165.7842
666,FDQ27,Regular,0.044321422,Meat,103.899,OUT049,1999,Tier 1,Supermarket Type1,2889.572
667,DRK47,Low Fat,0.06406438,Hard Drinks,229.2694,OUT046,1997,Tier 1,Supermarket Type1,1826.9552
668,FDN34,Regular,0.045835395,Snack Foods,168.2132,OUT049,1999,Tier 1,Supermarket Type1,2367.5848
669,FDR10,Low Fat,0.010037996,Snack Foods,163.5552,OUT035,2004,Tier 2,Supermarket Type1,3086.6488
670,FDH10,Low Fat,0.049066248,Snack Foods,192.4478,OUT027,1985,Tier 3,Supermarket Type3,8912.3988
671,DRN37,Low Fat,0.0,Soft Drinks,166.5158,OUT049,1999,Tier 1,Supermarket Type1,3509.4318
672,FDT49,Low Fat,0.151279591,Canned,107.028,OUT013,1987,Tier 3,Supermarket Type1,2876.256
673,FDT27,Regular,0.069529262,Meat,233.1616,OUT013,1987,Tier 3,Supermarket Type1,6093.4016
674,NCL18,Low Fat,0.168531813,Household,192.5136,OUT017,2007,Tier 2,Supermarket Type1,2916.204
675,NCF30,Low Fat,0.126244059,Household,124.6362,OUT046,1997,Tier 1,Supermarket Type1,3900.9222
676,FDH35,Low Fat,0.0,Starchy Foods,164.7526,OUT045,2002,Tier 2,Supermarket Type1,4604.6728
677,DRH51,Low Fat,0.097198194,Dairy,89.8856,OUT035,2004,Tier 2,Supermarket Type1,351.5424
678,FDW46,Regular,0.070288365,Snack Foods,64.3484,OUT035,2004,Tier 2,Supermarket Type1,2218.4456
679,FDL38,Regular,0.014720848,Canned,89.9172,OUT013,1987,Tier 3,Supermarket Type1,1516.6924
680,FDZ46,Low Fat,0.069231189,Snack Foods,112.1228,OUT049,1999,Tier 1,Supermarket Type1,1215.7508
681,FDU39,Low Fat,0.036031137,Meat,60.4562,OUT035,2004,Tier 2,Supermarket Type1,1125.8678
682,FDG56,reg,0.071743629,Fruits and Vegetables,59.7536,OUT018,2009,Tier 3,Supermarket Type2,918.804
683,NCP50,Low Fat,0.0,Others,79.2618,OUT018,2009,Tier 3,Supermarket Type2,966.7416
684,NCT29,Low Fat,0.112249603,Health and Hygiene,123.3414,OUT019,1985,Tier 1,Grocery Store,243.6828
685,FDY28,Regular,0.0,Frozen Foods,211.8218,OUT045,2002,Tier 2,Supermarket Type1,6411.654
686,FDN08,Regular,0.0,Fruits and Vegetables,117.7466,OUT018,2009,Tier 3,Supermarket Type2,1296.3126
687,FDB12,Regular,0.105471384,Baking Goods,105.8648,OUT049,1999,Tier 1,Supermarket Type1,1973.4312
688,NCO06,Low Fat,0.107507291,Household,34.8558,OUT027,1985,Tier 3,Supermarket Type3,441.4254
689,NCQ38,Low Fat,0.013393537,Others,106.028,OUT045,2002,Tier 2,Supermarket Type1,1065.28
690,FDH41,Low Fat,0.081996013,Frozen Foods,216.2534,OUT035,2004,Tier 2,Supermarket Type1,4301.068
691,FDU58,Regular,0.029006239,Snack Foods,186.0898,OUT035,2004,Tier 2,Supermarket Type1,2619.2572
692,FDC14,Regular,0.041482394,Canned,40.0454,OUT017,2007,Tier 2,Supermarket Type1,209.727
693,DRY23,Regular,0.109713464,Soft Drinks,41.3112,OUT017,2007,Tier 2,Supermarket Type1,255.6672
694,FDV10,Regular,0.116793684,Snack Foods,41.0112,OUT019,1985,Tier 1,Grocery Store,42.6112
695,FDF56,Regular,0.119704498,Fruits and Vegetables,181.9976,OUT045,2002,Tier 2,Supermarket Type1,5432.928
696,FDB11,Low Fat,0.060942632,Starchy Foods,225.6404,OUT049,1999,Tier 1,Supermarket Type1,2925.5252
697,FDR26,Low Fat,0.043011277,Dairy,177.2028,OUT018,2009,Tier 3,Supermarket Type2,3364.9532
698,DRH49,Low Fat,0.024655594,Soft Drinks,84.3592,OUT046,1997,Tier 1,Supermarket Type1,743.0328
699,FDP16,Low Fat,0.039517121,Frozen Foods,243.6802,OUT017,2007,Tier 2,Supermarket Type1,5896.3248
700,FDX01,LF,0.024262772,Canned,117.615,OUT018,2009,Tier 3,Supermarket Type2,1514.695
701,NCE43,Low Fat,0.17314115,Household,168.4448,OUT010,1998,Tier 3,Grocery Store,170.4448
702,FDA28,Regular,0.047570401,Frozen Foods,125.7362,OUT027,1985,Tier 3,Supermarket Type3,3020.0688
703,NCL18,Low Fat,0.167844438,Household,193.9136,OUT049,1999,Tier 1,Supermarket Type1,3110.6176
704,DRG48,Low Fat,0.014484582,Soft Drinks,143.9102,OUT027,1985,Tier 3,Supermarket Type3,3062.0142
705,FDH44,Regular,0.025924623,Fruits and Vegetables,148.0418,OUT045,2002,Tier 2,Supermarket Type1,3825.6868
706,FDR08,Low Fat,0.065872936,Fruits and Vegetables,113.1886,OUT019,1985,Tier 1,Grocery Store,111.1886
707,NCF43,Low Fat,0.051936086,Household,142.947,OUT035,2004,Tier 2,Supermarket Type1,3006.087
708,FDS35,Low Fat,0.11184963,Breads,64.6826,OUT017,2007,Tier 2,Supermarket Type1,774.9912
709,FDW35,Low Fat,0.011111714,Breads,43.8454,OUT045,2002,Tier 2,Supermarket Type1,671.1264
710,FDR20,Regular,0.028180789,Fruits and Vegetables,46.8744,OUT045,2002,Tier 2,Supermarket Type1,905.488
711,FDT60,Low Fat,0.07554831,Baking Goods,121.9388,OUT046,1997,Tier 1,Supermarket Type1,3219.8088
712,DRP35,Low Fat,0.09079168,Hard Drinks,127.1336,OUT013,1987,Tier 3,Supermarket Type1,3579.3408
713,FDT09,Regular,0.012282366,Snack Foods,132.5284,OUT049,1999,Tier 1,Supermarket Type1,1713.7692
714,FDV46,Low Fat,0.022074764,Snack Foods,141.418,OUT019,1985,Tier 1,Grocery Store,559.272
715,FDA33,Low Fat,0.033899898,Snack Foods,146.9076,OUT046,1997,Tier 1,Supermarket Type1,2956.152
716,FDC47,Low Fat,0.208162156,Snack Foods,228.1694,OUT019,1985,Tier 1,Grocery Store,228.3694
717,FDS37,Low Fat,0.05346916,Canned,114.1492,OUT010,1998,Tier 3,Grocery Store,115.8492
718,NCF31,Low Fat,0.051804278,Household,150.2024,OUT013,1987,Tier 3,Supermarket Type1,1821.6288
719,DRK35,Low Fat,0.071832909,Hard Drinks,36.1506,OUT035,2004,Tier 2,Supermarket Type1,721.0614
720,DRN35,Low Fat,0.070356805,Hard Drinks,36.8532,OUT049,1999,Tier 1,Supermarket Type1,755.0172
721,FDR57,Regular,0.023496967,Snack Foods,156.1288,OUT046,1997,Tier 1,Supermarket Type1,2828.3184
722,FDX57,reg,0.047458754,Snack Foods,95.8068,OUT018,2009,Tier 3,Supermarket Type2,1263.6884
723,FDG10,Regular,0.010886324,Snack Foods,57.2588,OUT027,1985,Tier 3,Supermarket Type3,801.6232
724,NCO05,Low Fat,0.046333982,Health and Hygiene,97.2384,OUT027,1985,Tier 3,Supermarket Type3,2660.5368
725,FDQ21,Low Fat,0.019423232,Snack Foods,120.8756,OUT046,1997,Tier 1,Supermarket Type1,3150.5656
726,FDE33,Regular,0.086905536,Fruits and Vegetables,78.8644,OUT019,1985,Tier 1,Grocery Store,314.2576
727,FDI24,Low Fat,0.137870237,Baking Goods,175.037,OUT019,1985,Tier 1,Grocery Store,352.874
728,FDL38,reg,0.014730322,Canned,90.9172,OUT035,2004,Tier 2,Supermarket Type1,2141.2128
729,NCO06,Low Fat,0.108030434,Household,32.4558,OUT046,1997,Tier 1,Supermarket Type1,101.8674
730,FDV04,Regular,0.150248468,Frozen Foods,155.2288,OUT049,1999,Tier 1,Supermarket Type1,1257.0304
731,FDS16,Regular,0.0,Frozen Foods,145.276,OUT027,1985,Tier 3,Supermarket Type3,5273.136
732,FDH20,Regular,0.024999711,Fruits and Vegetables,97.841,OUT045,2002,Tier 2,Supermarket Type1,1255.033
733,FDZ40,Low Fat,0.04026424,Frozen Foods,52.6298,OUT045,2002,Tier 2,Supermarket Type1,808.947
734,FDO36,Low Fat,0.077899109,Baking Goods,177.766,OUT035,2004,Tier 2,Supermarket Type1,2696.49
735,FDV13,Regular,0.02747716,Canned,87.9856,OUT027,1985,Tier 3,Supermarket Type3,3251.7672
736,FDL16,Low Fat,0.16871476,Frozen Foods,47.306,OUT049,1999,Tier 1,Supermarket Type1,1071.938
737,FDO57,Low Fat,0.108879177,Snack Foods,161.5578,OUT049,1999,Tier 1,Supermarket Type1,320.9156
738,NCO55,Low Fat,0.090596378,Others,106.6938,OUT027,1985,Tier 3,Supermarket Type3,2251.0698
739,DRJ11,Low Fat,0.0,Hard Drinks,188.9872,OUT017,2007,Tier 2,Supermarket Type1,1323.6104
740,FDV08,Low Fat,0.028456456,Fruits and Vegetables,43.5454,OUT027,1985,Tier 3,Supermarket Type3,755.0172
741,FDK36,LF,0.00720931,Baking Goods,48.1034,OUT013,1987,Tier 3,Supermarket Type1,1069.2748
742,FDZ03,Regular,0.13187274,Dairy,188.024,OUT010,1998,Tier 3,Grocery Store,745.696
743,NCX06,Low Fat,0.015687045,Household,182.6976,OUT046,1997,Tier 1,Supermarket Type1,3440.8544
744,FDS20,Low Fat,0.053822086,Fruits and Vegetables,183.8292,OUT013,1987,Tier 3,Supermarket Type1,2554.0088
745,DRD60,Low Fat,0.03723211,Soft Drinks,183.1634,OUT046,1997,Tier 1,Supermarket Type1,5634.6654
746,FDN08,Regular,0.088543868,Fruits and Vegetables,117.5466,OUT045,2002,Tier 2,Supermarket Type1,824.9262
747,FDD10,Regular,0.046280998,Snack Foods,177.4344,OUT017,2007,Tier 2,Supermarket Type1,1962.7784
748,DRM48,Low Fat,0.113072194,Soft Drinks,35.8848,OUT049,1999,Tier 1,Supermarket Type1,596.5568
749,FDX19,Low Fat,0.096653315,Fruits and Vegetables,235.1958,OUT013,1987,Tier 3,Supermarket Type1,4673.916
750,FDI19,Low Fat,0.052085615,Meat,242.8512,OUT027,1985,Tier 3,Supermarket Type3,5816.4288
751,FDY27,Low Fat,0.03187163,Dairy,179.5344,OUT013,1987,Tier 3,Supermarket Type1,4103.9912
752,FDC17,Low Fat,0.015457803,Frozen Foods,209.9928,OUT035,2004,Tier 2,Supermarket Type1,5259.82
753,NCC07,Low Fat,0.023951149,Household,105.6964,OUT046,1997,Tier 1,Supermarket Type1,1577.946
754,FDH56,Regular,0.11173569,Fruits and Vegetables,115.9492,OUT019,1985,Tier 1,Grocery Store,115.8492
755,FDA11,Low Fat,0.043238822,Baking Goods,92.5436,OUT046,1997,Tier 1,Supermarket Type1,1701.7848
756,NCO30,Low Fat,0.027532258,Household,185.0608,OUT019,1985,Tier 1,Grocery Store,551.2824
757,NCD18,Low Fat,0.072655379,Household,229.8668,OUT035,2004,Tier 2,Supermarket Type1,4837.7028
758,FDX03,Regular,0.106971167,Meat,44.7744,OUT019,1985,Tier 1,Grocery Store,135.8232
759,DRA24,Regular,0.039990314,Soft Drinks,165.0868,OUT049,1999,Tier 1,Supermarket Type1,982.7208
760,NCC07,Low Fat,0.023988387,Household,104.5964,OUT049,1999,Tier 1,Supermarket Type1,1262.3568
761,DRZ11,Regular,0.112571187,Soft Drinks,122.0388,OUT013,1987,Tier 3,Supermarket Type1,1609.9044
762,NCV41,Low Fat,0.028519419,Health and Hygiene,109.2228,OUT010,1998,Tier 3,Grocery Store,221.0456
763,NCT06,Low Fat,0.038816115,Household,166.4842,OUT045,2002,Tier 2,Supermarket Type1,1326.2736
764,FDV20,Regular,0.059894378,Fruits and Vegetables,125.9678,OUT049,1999,Tier 1,Supermarket Type1,2797.6916
765,FDP58,Low Fat,0.135692831,Snack Foods,220.0482,OUT018,2009,Tier 3,Supermarket Type2,2628.5784
766,FDV31,LF,0.0,Fruits and Vegetables,175.237,OUT049,1999,Tier 1,Supermarket Type1,3881.614
767,NCP30,Low Fat,0.032610007,Household,37.4822,OUT027,1985,Tier 3,Supermarket Type3,942.7728
768,FDQ11,Regular,0.06797671,Breads,257.4988,OUT018,2009,Tier 3,Supermarket Type2,3083.9856
769,NCR53,Low Fat,0.14526636,Health and Hygiene,224.0404,OUT049,1999,Tier 1,Supermarket Type1,3375.606
770,FDW38,Regular,0.138008431,Dairy,54.8298,OUT027,1985,Tier 3,Supermarket Type3,1348.245
771,NCU05,Low Fat,0.098312421,Health and Hygiene,81.4618,OUT010,1998,Tier 3,Grocery Store,161.1236
772,FDP10,Low Fat,0.127983545,Snack Foods,107.6622,OUT013,1987,Tier 3,Supermarket Type1,1270.3464
773,NCZ06,Low Fat,0.094308058,Household,251.8698,OUT049,1999,Tier 1,Supermarket Type1,3551.3772
774,DRL01,Regular,0.076798609,Soft Drinks,231.8958,OUT027,1985,Tier 3,Supermarket Type3,8413.0488
775,FDS07,Low Fat,0.100322104,Fruits and Vegetables,113.7518,OUT017,2007,Tier 2,Supermarket Type1,2049.3324
776,FDW09,Regular,0.025795293,Snack Foods,80.2302,OUT027,1985,Tier 3,Supermarket Type3,2139.2154
777,FDW44,Regular,0.035222503,Fruits and Vegetables,170.1448,OUT045,2002,Tier 2,Supermarket Type1,1874.8928
778,FDM02,Regular,0.073735058,Canned,87.1198,OUT046,1997,Tier 1,Supermarket Type1,1657.1762
779,FDI26,Low Fat,0.061082177,Canned,180.0344,OUT019,1985,Tier 1,Grocery Store,892.172
780,NCR05,Low Fat,0.054630834,Health and Hygiene,200.2084,OUT046,1997,Tier 1,Supermarket Type1,1587.2672
781,NCT41,Low Fat,0.05610384,Health and Hygiene,153.5024,OUT045,2002,Tier 2,Supermarket Type1,2580.6408
782,FDG52,Low Fat,0.065618434,Frozen Foods,47.6402,OUT035,2004,Tier 2,Supermarket Type1,459.402
783,FDM52,Low Fat,0.026046138,Frozen Foods,147.2076,OUT045,2002,Tier 2,Supermarket Type1,1773.6912
784,FDG46,Regular,0.055084019,Snack Foods,114.7518,OUT010,1998,Tier 3,Grocery Store,455.4072
785,FDI32,Low Fat,0.173529036,Fruits and Vegetables,113.2834,OUT027,1985,Tier 3,Supermarket Type3,4376.9692
786,FDS32,Regular,0.029648306,Fruits and Vegetables,142.4838,OUT035,2004,Tier 2,Supermarket Type1,1264.3542
787,FDO08,Regular,0.05373063,Fruits and Vegetables,165.1526,OUT013,1987,Tier 3,Supermarket Type1,1480.0734
788,DRG15,Low Fat,0.076891526,Dairy,61.5536,OUT045,2002,Tier 2,Supermarket Type1,796.2968
789,FDF10,Regular,0.0,Snack Foods,147.2418,OUT018,2009,Tier 3,Supermarket Type2,1324.2762
790,FDU46,Regular,0.011117041,Snack Foods,85.854,OUT013,1987,Tier 3,Supermarket Type1,2683.174
791,DRF13,Low Fat,0.02984176,Soft Drinks,144.4444,OUT045,2002,Tier 2,Supermarket Type1,3628.61
792,NCU42,Low Fat,0.019502965,Household,169.4474,OUT035,2004,Tier 2,Supermarket Type1,4211.185
793,FDQ39,Low Fat,0.081168135,Meat,190.5846,OUT049,1999,Tier 1,Supermarket Type1,3630.6074
794,FDM58,Regular,0.080015028,Snack Foods,111.8544,OUT018,2009,Tier 3,Supermarket Type2,1677.816
795,FDT01,Regular,0.18520944,Canned,212.9902,OUT017,2007,Tier 2,Supermarket Type1,3185.853
796,FDT39,Regular,0.009887927,Meat,150.7366,OUT045,2002,Tier 2,Supermarket Type1,2418.1856
797,DRD24,Low Fat,0.030645958,Soft Drinks,141.7154,OUT027,1985,Tier 3,Supermarket Type3,2694.4926
798,FDK02,Low Fat,0.112399145,Canned,120.444,OUT049,1999,Tier 1,Supermarket Type1,1438.128
799,DRB24,Low Fat,0.020618957,Soft Drinks,153.0656,OUT045,2002,Tier 2,Supermarket Type1,4170.5712
800,FDW40,Regular,0.105573769,Frozen Foods,143.9812,OUT018,2009,Tier 3,Supermarket Type2,1139.8496
801,FDX03,Regular,0.060800116,Meat,44.4744,OUT027,1985,Tier 3,Supermarket Type3,769.6648
802,FDE45,Low Fat,0.040357315,Fruits and Vegetables,177.8002,OUT046,1997,Tier 1,Supermarket Type1,1611.9018
803,FDN33,Regular,0.123307177,Snack Foods,93.5436,OUT049,1999,Tier 1,Supermarket Type1,283.6308
804,DRI01,Low Fat,0.034452949,Soft Drinks,174.0422,OUT046,1997,Tier 1,Supermarket Type1,2586.633
805,FDH14,Regular,0.081955735,Canned,142.0838,OUT019,1985,Tier 1,Grocery Store,280.9676
806,FDI22,Low Fat,0.096132367,Snack Foods,208.9612,OUT013,1987,Tier 3,Supermarket Type1,4181.224
807,FDG57,Low Fat,0.072284689,Fruits and Vegetables,49.8034,OUT035,2004,Tier 2,Supermarket Type1,631.8442
808,FDU34,LF,0.074830794,Snack Foods,125.9046,OUT027,1985,Tier 3,Supermarket Type3,4482.1656
809,NCP17,Low Fat,0.027827268,Health and Hygiene,65.6168,OUT018,2009,Tier 3,Supermarket Type2,383.5008
810,FDT32,Regular,0.065621523,Fruits and Vegetables,186.5214,OUT035,2004,Tier 2,Supermarket Type1,5275.7992
811,FDU56,Low Fat,0.044377096,Fruits and Vegetables,185.8266,OUT013,1987,Tier 3,Supermarket Type1,1659.8394
812,FDS50,Low Fat,0.055545797,Dairy,220.5114,OUT045,2002,Tier 2,Supermarket Type1,5321.0736
813,FDR58,Low Fat,0.04200648,Snack Foods,92.6462,OUT045,2002,Tier 2,Supermarket Type1,1665.8316
814,FDG05,Regular,0.088025298,Frozen Foods,158.063,OUT045,2002,Tier 2,Supermarket Type1,2659.871
815,FDG14,reg,0.05060313,Canned,150.9024,OUT045,2002,Tier 2,Supermarket Type1,4402.2696
816,FDV01,Regular,0.085122855,Canned,155.4314,OUT045,2002,Tier 2,Supermarket Type1,3568.0222
817,FDK44,Low Fat,0.122204371,Fruits and Vegetables,173.5738,OUT035,2004,Tier 2,Supermarket Type1,1911.5118
818,FDA25,Regular,0.068112874,Canned,104.599,OUT035,2004,Tier 2,Supermarket Type1,2889.572
819,FDS23,Low Fat,0.141174838,Breads,127.0994,OUT045,2002,Tier 2,Supermarket Type1,2826.9868
820,FDZ22,Low Fat,0.045050674,Snack Foods,84.925,OUT027,1985,Tier 3,Supermarket Type3,1747.725
821,DRD15,Low Fat,0.056911107,Dairy,233.9642,OUT045,2002,Tier 2,Supermarket Type1,3717.8272
822,FDT21,Low Fat,0.0,Snack Foods,248.8092,OUT027,1985,Tier 3,Supermarket Type3,6474.2392
823,DRH11,Low Fat,0.075495088,Hard Drinks,55.3614,OUT013,1987,Tier 3,Supermarket Type1,497.3526
824,FDF47,Low Fat,0.097770004,Starchy Foods,222.8746,OUT049,1999,Tier 1,Supermarket Type1,3589.9936
825,FDK09,Low Fat,0.091745951,Snack Foods,229.0352,OUT035,2004,Tier 2,Supermarket Type1,2290.352
826,FDO09,Regular,0.125469442,Snack Foods,264.491,OUT049,1999,Tier 1,Supermarket Type1,6574.775
827,FDB22,Low Fat,0.111419588,Snack Foods,154.3998,OUT035,2004,Tier 2,Supermarket Type1,3383.5956
828,FDW24,Low Fat,0.03748996,Baking Goods,48.6034,OUT035,2004,Tier 2,Supermarket Type1,291.6204
829,FDQ03,Regular,0.136592891,Meat,238.0248,OUT019,1985,Tier 1,Grocery Store,711.0744
830,FDA19,Low Fat,0.055213208,Fruits and Vegetables,129.5994,OUT049,1999,Tier 1,Supermarket Type1,642.497
831,FDX46,Regular,0.058116758,Snack Foods,57.5562,OUT046,1997,Tier 1,Supermarket Type1,651.8182
832,FDS01,Low Fat,0.017845372,Canned,179.0686,OUT017,2007,Tier 2,Supermarket Type1,5688.5952
833,NCS53,Low Fat,0.089761211,Health and Hygiene,159.4604,OUT035,2004,Tier 2,Supermarket Type1,2376.906
834,FDC45,Low Fat,0.135075924,Fruits and Vegetables,170.3106,OUT027,1985,Tier 3,Supermarket Type3,3422.212
835,FDL45,Low Fat,0.037505332,Snack Foods,126.2704,OUT027,1985,Tier 3,Supermarket Type3,4255.7936
836,NCK54,Low Fat,0.029380407,Household,114.715,OUT027,1985,Tier 3,Supermarket Type3,1864.24
837,FDV14,Low Fat,0.044566659,Dairy,88.5856,OUT049,1999,Tier 1,Supermarket Type1,703.0848
838,FDV19,Regular,0.035257037,Fruits and Vegetables,161.2578,OUT046,1997,Tier 1,Supermarket Type1,4171.9028
839,FDV32,Low Fat,0.089210159,Fruits and Vegetables,64.251,OUT017,2007,Tier 2,Supermarket Type1,1328.271
840,FDE26,Low Fat,0.089005769,Canned,143.9786,OUT046,1997,Tier 1,Supermarket Type1,2745.0934
841,NCR30,Low Fat,0.071282168,Household,74.4696,OUT018,2009,Tier 3,Supermarket Type2,223.7088
842,FDV24,Low Fat,0.172856719,Baking Goods,148.205,OUT010,1998,Tier 3,Grocery Store,449.415
843,FDC10,Regular,0.073289899,Snack Foods,120.8098,OUT017,2007,Tier 2,Supermarket Type1,1325.6078
844,FDH05,Regular,0.090473389,Frozen Foods,229.7984,OUT027,1985,Tier 3,Supermarket Type3,6024.1584
845,DRF01,Low Fat,0.0,Soft Drinks,147.5102,OUT046,1997,Tier 1,Supermarket Type1,1166.4816
846,FDB11,Low Fat,0.060971431,Starchy Foods,226.2404,OUT045,2002,Tier 2,Supermarket Type1,4725.8484
847,NCA54,Low Fat,0.036611104,Household,180.9318,OUT013,1987,Tier 3,Supermarket Type1,3247.7724
848,FDV04,Regular,0.149890395,Frozen Foods,159.0288,OUT013,1987,Tier 3,Supermarket Type1,1257.0304
849,FDB28,Low Fat,0.093307668,Dairy,195.9426,OUT013,1987,Tier 3,Supermarket Type1,2570.6538
850,FDM32,Low Fat,0.020688969,Fruits and Vegetables,88.183,OUT018,2009,Tier 3,Supermarket Type2,719.064
851,DRL60,Low Fat,0.027101431,Soft Drinks,151.7682,OUT049,1999,Tier 1,Supermarket Type1,2439.4912
852,FDY03,Regular,0.075753207,Meat,111.1202,OUT027,1985,Tier 3,Supermarket Type3,3150.5656
853,FDK09,Low Fat,0.091763303,Snack Foods,228.5352,OUT046,1997,Tier 1,Supermarket Type1,1832.2816
854,FDK04,Low Fat,0.052418124,Frozen Foods,56.5588,OUT045,2002,Tier 2,Supermarket Type1,801.6232
855,FDU25,Low Fat,0.026552056,Canned,56.2246,OUT027,1985,Tier 3,Supermarket Type3,1737.738
856,DRG48,Low Fat,0.014555066,Soft Drinks,145.2102,OUT046,1997,Tier 1,Supermarket Type1,3062.0142
857,FDT10,Regular,0.062297249,Snack Foods,60.6562,OUT018,2009,Tier 3,Supermarket Type2,592.562
858,FDT26,Regular,0.067953506,Dairy,119.044,OUT046,1997,Tier 1,Supermarket Type1,2396.88
859,NCO42,Low Fat,0.024536199,Household,144.6102,OUT027,1985,Tier 3,Supermarket Type3,3791.0652
860,NCL55,Low Fat,0.06464846,Others,253.404,OUT035,2004,Tier 2,Supermarket Type1,4807.076
861,NCO05,Low Fat,0.046559448,Health and Hygiene,100.5384,OUT046,1997,Tier 1,Supermarket Type1,2463.46
862,DRJ47,Low Fat,0.04421348,Hard Drinks,173.408,OUT013,1987,Tier 3,Supermarket Type1,1038.648
863,DRH49,Low Fat,0.024756031,Soft Drinks,83.8592,OUT018,2009,Tier 3,Supermarket Type2,247.6776
864,DRJ13,Low Fat,0.063246037,Soft Drinks,159.2578,OUT017,2007,Tier 2,Supermarket Type1,2406.867
865,NCJ29,Low Fat,0.035247642,Health and Hygiene,84.7224,OUT049,1999,Tier 1,Supermarket Type1,1619.2256
866,DRB01,Low Fat,0.081841136,Soft Drinks,190.053,OUT027,1985,Tier 3,Supermarket Type3,569.259
867,FDD08,Low Fat,0.03532494,Fruits and Vegetables,38.9506,OUT013,1987,Tier 3,Supermarket Type1,721.0614
868,FDQ46,Low Fat,0.103726639,Snack Foods,110.6544,OUT013,1987,Tier 3,Supermarket Type1,1901.5248
869,FDS49,Low Fat,0.079794329,Canned,80.1644,OUT017,2007,Tier 2,Supermarket Type1,1178.466
870,NCA05,Low Fat,0.044000492,Health and Hygiene,148.2734,OUT019,1985,Tier 1,Grocery Store,296.9468
871,NCQ06,Low Fat,0.041909345,Household,255.0014,OUT045,2002,Tier 2,Supermarket Type1,5865.0322
872,FDG56,Regular,0.071106549,Fruits and Vegetables,60.5536,OUT027,1985,Tier 3,Supermarket Type3,2143.876
873,FDS33,Regular,0.123620492,Snack Foods,90.0514,OUT049,1999,Tier 1,Supermarket Type1,1505.3738
874,FDH16,Low Fat,0.052852621,Frozen Foods,88.783,OUT017,2007,Tier 2,Supermarket Type1,2067.309
875,FDX47,Regular,0.060587738,Breads,156.8288,OUT019,1985,Tier 1,Grocery Store,471.3864
876,FDK09,Low Fat,0.092282353,Snack Foods,227.2352,OUT017,2007,Tier 2,Supermarket Type1,4122.6336
877,FDM10,Low Fat,0.076089711,Snack Foods,212.9218,OUT049,1999,Tier 1,Supermarket Type1,3846.9924
878,FDH60,reg,0.08073703,Baking Goods,197.011,OUT046,1997,Tier 1,Supermarket Type1,3338.987
879,FDZ39,Regular,0.018061324,Meat,102.599,OUT045,2002,Tier 2,Supermarket Type1,2063.98
880,FDU21,Regular,0.134327613,Snack Foods,35.0558,OUT019,1985,Tier 1,Grocery Store,33.9558
881,FDZ43,Regular,0.057290978,Fruits and Vegetables,242.7512,OUT018,2009,Tier 3,Supermarket Type2,1938.8096
882,FDD09,Low Fat,0.021496403,Fruits and Vegetables,180.5976,OUT046,1997,Tier 1,Supermarket Type1,3078.6592
883,DRF36,Low Fat,0.023673342,Soft Drinks,189.0846,OUT018,2009,Tier 3,Supermarket Type2,5350.3688
884,NCM06,Low Fat,0.076156245,Household,156.4656,OUT017,2007,Tier 2,Supermarket Type1,2008.0528
885,DRE03,Low Fat,0.024276035,Dairy,45.3718,OUT045,2002,Tier 2,Supermarket Type1,614.5334
886,FDQ08,Regular,0.01903743,Fruits and Vegetables,60.5536,OUT017,2007,Tier 2,Supermarket Type1,490.0288
887,FDE32,Low Fat,0.04903471,Fruits and Vegetables,39.9506,OUT017,2007,Tier 2,Supermarket Type1,872.8638
888,FDZ20,Low Fat,0.034376537,Fruits and Vegetables,256.1356,OUT045,2002,Tier 2,Supermarket Type1,6358.39
889,FDQ22,Low Fat,0.029799965,Snack Foods,39.1822,OUT045,2002,Tier 2,Supermarket Type1,314.2576
890,DRD25,Low Fat,0.078957122,Soft Drinks,111.986,OUT035,2004,Tier 2,Supermarket Type1,1697.79
891,FDY25,Low Fat,0.034166609,Canned,181.2976,OUT017,2007,Tier 2,Supermarket Type1,5070.7328
892,NCK53,Low Fat,0.037581243,Health and Hygiene,98.9042,OUT046,1997,Tier 1,Supermarket Type1,1488.063
893,FDX37,Low Fat,0.063385859,Canned,98.17,OUT017,2007,Tier 2,Supermarket Type1,2696.49
894,FDB17,Low Fat,0.061381589,Frozen Foods,179.9976,OUT010,1998,Tier 3,Grocery Store,181.0976
895,FDA47,Regular,0.0,Baking Goods,162.421,OUT045,2002,Tier 2,Supermarket Type1,1304.968
896,NCR38,Low Fat,0.19875618,Household,250.7724,OUT019,1985,Tier 1,Grocery Store,251.6724
897,FDR27,Regular,0.096249842,Meat,134.4942,OUT049,1999,Tier 1,Supermarket Type1,2119.9072
898,NCU06,Low Fat,0.13027716,Household,228.001,OUT019,1985,Tier 1,Grocery Store,1148.505
899,DRG13,Low Fat,0.037337632,Soft Drinks,163.7526,OUT018,2009,Tier 3,Supermarket Type2,3289.052
900,FDR04,Low Fat,0.022694623,Frozen Foods,98.8068,OUT017,2007,Tier 2,Supermarket Type1,2527.3768
901,FDP52,Regular,0.070979698,Frozen Foods,229.501,OUT018,2009,Tier 3,Supermarket Type2,1607.907
902,FDY59,Low Fat,0.0,Baking Goods,93.1462,OUT018,2009,Tier 3,Supermarket Type2,647.8234
903,FDL48,Regular,0.137697119,Baking Goods,47.1034,OUT010,1998,Tier 3,Grocery Store,145.8102
904,FDG33,Regular,0.13956116,Seafood,170.4764,OUT027,1985,Tier 3,Supermarket Type3,3435.528
905,FDW46,Regular,0.070699313,Snack Foods,65.7484,OUT017,2007,Tier 2,Supermarket Type1,1174.4712
906,FDQ27,Regular,0.077480627,Meat,101.399,OUT019,1985,Tier 1,Grocery Store,206.398
907,FDW57,reg,0.116148596,Snack Foods,176.0028,OUT018,2009,Tier 3,Supermarket Type2,4427.57
908,FDN24,Low Fat,0.11326743,Baking Goods,54.5956,OUT046,1997,Tier 1,Supermarket Type1,1037.3164
909,FDO40,Low Fat,0.032761024,Frozen Foods,148.8392,OUT018,2009,Tier 3,Supermarket Type2,2087.9488
910,NCP05,Low Fat,0.025281802,Health and Hygiene,152.0024,OUT035,2004,Tier 2,Supermarket Type1,2884.2456
911,DRJ59,Low Fat,0.0,Hard Drinks,39.0164,OUT027,1985,Tier 3,Supermarket Type3,1042.6428
912,FDC33,Regular,0.068880971,Fruits and Vegetables,195.3768,OUT013,1987,Tier 3,Supermarket Type1,2759.0752
913,FDN32,Low Fat,0.015623754,Fruits and Vegetables,182.6266,OUT018,2009,Tier 3,Supermarket Type2,3135.2522
914,NCX30,Low Fat,0.026598474,Household,245.8776,OUT013,1987,Tier 3,Supermarket Type1,4210.5192
915,FDS11,Regular,0.055558509,Breads,224.7088,OUT046,1997,Tier 1,Supermarket Type1,3131.9232
916,FDD51,low fat,0.210021713,Dairy,44.2744,OUT019,1985,Tier 1,Grocery Store,90.5488
917,FDV45,Low Fat,0.045138797,Snack Foods,187.9556,OUT045,2002,Tier 2,Supermarket Type1,2816.334
918,FDW09,reg,0.025899245,Snack Foods,81.1302,OUT013,1987,Tier 3,Supermarket Type1,792.302
919,DRJ51,Low Fat,0.088172355,Dairy,232.2668,OUT045,2002,Tier 2,Supermarket Type1,4146.6024
920,DRI47,Low Fat,0.021005399,Hard Drinks,144.5128,OUT018,2009,Tier 3,Supermarket Type2,2588.6304
921,FDD10,reg,0.046208155,Snack Foods,178.0344,OUT018,2009,Tier 3,Supermarket Type2,1605.9096
922,DRF13,Low Fat,0.029902679,Soft Drinks,144.3444,OUT018,2009,Tier 3,Supermarket Type2,1161.1552
923,DRM23,Low Fat,0.136286138,Hard Drinks,171.4422,OUT018,2009,Tier 3,Supermarket Type2,2241.7486
924,FDU07,Low Fat,0.059835659,Fruits and Vegetables,151.3366,OUT035,2004,Tier 2,Supermarket Type1,3022.732
925,NCO55,LF,0.091408076,Others,108.9938,OUT018,2009,Tier 3,Supermarket Type2,1071.938
926,FDM51,Regular,0.025904648,Meat,102.4674,OUT013,1987,Tier 3,Supermarket Type1,2037.348
927,FDR37,Regular,0.066249551,Breakfast,183.3292,OUT046,1997,Tier 1,Supermarket Type1,2006.7212
928,FDB23,reg,0.005583951,Starchy Foods,226.9062,OUT013,1987,Tier 3,Supermarket Type1,4514.124
929,NCA41,Low Fat,0.032580547,Health and Hygiene,192.1162,OUT035,2004,Tier 2,Supermarket Type1,3848.324
930,FDF41,Low Fat,0.130544568,Frozen Foods,248.046,OUT027,1985,Tier 3,Supermarket Type3,7883.072
931,FDW28,Low Fat,0.089186083,Frozen Foods,194.3452,OUT018,2009,Tier 3,Supermarket Type2,4502.1396
932,FDZ40,Low Fat,0.040410039,Frozen Foods,52.9298,OUT017,2007,Tier 2,Supermarket Type1,539.298
933,FDZ59,Regular,0.103517853,Baking Goods,164.95,OUT027,1985,Tier 3,Supermarket Type3,4161.25
934,FDJ57,Regular,0.036109859,Seafood,186.5582,OUT010,1998,Tier 3,Grocery Store,185.7582
935,NCQ30,Low Fat,0.029131242,Household,123.8414,OUT045,2002,Tier 2,Supermarket Type1,487.3656
936,NCD06,Low Fat,0.099325278,Household,45.406,OUT046,1997,Tier 1,Supermarket Type1,605.878
937,FDK21,Low Fat,0.010003987,Snack Foods,250.7408,OUT013,1987,Tier 3,Supermarket Type1,5757.8384
938,FDG53,Low Fat,0.076755106,Frozen Foods,141.618,OUT010,1998,Tier 3,Grocery Store,139.818
939,FDH17,Regular,0.016679232,Frozen Foods,96.3726,OUT049,1999,Tier 1,Supermarket Type1,2740.4328
940,FDV48,Regular,0.051827123,Baking Goods,77.4644,OUT018,2009,Tier 3,Supermarket Type2,1414.1592
941,NCO07,Low Fat,0.017116983,Others,211.956,OUT019,1985,Tier 1,Grocery Store,213.056
942,FDT20,LF,0.041387618,Fruits and Vegetables,40.1164,OUT035,2004,Tier 2,Supermarket Type1,849.5608
943,NCK19,Low Fat,0.090649107,Others,194.3478,OUT045,2002,Tier 2,Supermarket Type1,4649.9472
944,DRF01,Low Fat,0.175352413,Soft Drinks,147.4102,OUT049,1999,Tier 1,Supermarket Type1,2478.7734
945,NCI31,Low Fat,0.08131178,Others,37.819,OUT035,2004,Tier 2,Supermarket Type1,439.428
946,FDU04,Low Fat,0.005547386,Frozen Foods,121.5414,OUT035,2004,Tier 2,Supermarket Type1,1340.2554
947,FDT04,Low Fat,0.0,Frozen Foods,40.8822,OUT018,2009,Tier 3,Supermarket Type2,628.5152
948,FDM22,Regular,0.041949832,Snack Foods,54.064,OUT035,2004,Tier 2,Supermarket Type1,1118.544
949,NCY41,Low Fat,0.126765903,Health and Hygiene,35.7532,OUT010,1998,Tier 3,Grocery Store,143.8128
950,FDK48,Low Fat,0.037708542,Baking Goods,74.7354,OUT045,2002,Tier 2,Supermarket Type1,1128.531
951,FDR60,Low Fat,0.130415118,Baking Goods,75.9328,OUT046,1997,Tier 1,Supermarket Type1,1158.492
952,FDX59,Low Fat,0.051618281,Breads,31.9558,OUT013,1987,Tier 3,Supermarket Type1,373.5138
953,FDS01,Low Fat,0.017780986,Canned,177.3686,OUT045,2002,Tier 2,Supermarket Type1,1777.686
954,NCG07,Low Fat,0.052492122,Household,191.053,OUT035,2004,Tier 2,Supermarket Type1,3415.554
955,FDU20,Regular,0.021501067,Fruits and Vegetables,122.2098,OUT045,2002,Tier 2,Supermarket Type1,2771.7254
956,FDP21,Regular,0.0258457,Snack Foods,188.9872,OUT018,2009,Tier 3,Supermarket Type2,2458.1336
957,DRD12,Low Fat,0.0,Soft Drinks,89.4146,OUT027,1985,Tier 3,Supermarket Type3,2645.2234
958,NCR18,Low Fat,0.020388413,Household,44.4112,OUT027,1985,Tier 3,Supermarket Type3,767.0016
959,FDP24,Low Fat,0.083172413,Baking Goods,121.0756,OUT045,2002,Tier 2,Supermarket Type1,1696.4584
960,FDX31,Regular,0.014753811,Fruits and Vegetables,231.7958,OUT027,1985,Tier 3,Supermarket Type3,5375.0034
961,NCM18,Low Fat,0.082970667,Household,60.0194,OUT049,1999,Tier 1,Supermarket Type1,1114.5492
962,FDZ55,Low Fat,0.025552424,Fruits and Vegetables,158.492,OUT017,2007,Tier 2,Supermarket Type1,3994.8
963,FDU26,Regular,0.042412572,Dairy,119.0782,OUT027,1985,Tier 3,Supermarket Type3,1549.3166
964,FDP31,Regular,0.162418495,Fruits and Vegetables,64.9168,OUT017,2007,Tier 2,Supermarket Type1,639.168
965,FDN48,Low Fat,0.064938448,Baking Goods,90.0804,OUT035,2004,Tier 2,Supermarket Type1,1561.9668
966,FDK51,Low Fat,0.005230786,Dairy,265.1884,OUT013,1987,Tier 3,Supermarket Type1,5034.7796
967,FDR15,Regular,0.033431669,Meat,153.1314,OUT035,2004,Tier 2,Supermarket Type1,4653.942
968,FDP56,Low Fat,0.046259036,Fruits and Vegetables,47.4692,OUT027,1985,Tier 3,Supermarket Type3,1576.6144
969,FDM10,Low Fat,0.075603699,Snack Foods,215.1218,OUT027,1985,Tier 3,Supermarket Type3,3205.827
970,FDN56,Regular,0.107057186,Fruits and Vegetables,144.9786,OUT046,1997,Tier 1,Supermarket Type1,2022.7004
971,FDV37,Regular,0.083643716,Canned,196.0426,OUT049,1999,Tier 1,Supermarket Type1,2570.6538
972,FDF21,Regular,0.0,Fruits and Vegetables,189.053,OUT045,2002,Tier 2,Supermarket Type1,5313.084
973,NCJ43,Low Fat,0.045308629,Household,173.1396,OUT010,1998,Tier 3,Grocery Store,348.8792
974,DRL37,Low Fat,0.053455158,Soft Drinks,43.677,OUT049,1999,Tier 1,Supermarket Type1,562.601
975,FDJ20,Regular,0.100378096,Fruits and Vegetables,122.4388,OUT045,2002,Tier 2,Supermarket Type1,1238.388
976,FDH04,Regular,0.019912606,Frozen Foods,91.0488,OUT019,1985,Tier 1,Grocery Store,271.6464
977,FDQ21,low fat,0.019407069,Snack Foods,119.3756,OUT013,1987,Tier 3,Supermarket Type1,3271.7412
978,NCT17,Low Fat,0.042102658,Health and Hygiene,189.7214,OUT017,2007,Tier 2,Supermarket Type1,1695.7926
979,FDU14,Low Fat,0.034752647,Dairy,248.775,OUT046,1997,Tier 1,Supermarket Type1,3745.125
980,FDX21,Low Fat,0.085138334,Snack Foods,108.6912,OUT045,2002,Tier 2,Supermarket Type1,1310.2944
981,NCB30,Low Fat,0.045002624,Household,196.5084,OUT019,1985,Tier 1,Grocery Store,198.4084
982,FDD46,LF,0.141542481,Snack Foods,153.1998,OUT045,2002,Tier 2,Supermarket Type1,1537.998
983,FDA43,Low Fat,0.064621927,Fruits and Vegetables,196.6794,OUT013,1987,Tier 3,Supermarket Type1,1170.4764
984,FDM01,Regular,0.094109236,Breakfast,102.9332,OUT027,1985,Tier 3,Supermarket Type3,3691.1952
985,FDZ39,Regular,0.018126724,Meat,101.799,OUT017,2007,Tier 2,Supermarket Type1,1135.189
986,FDM01,Regular,0.094488485,Breakfast,100.7332,OUT013,1987,Tier 3,Supermarket Type1,1230.3984
987,FDB60,Low Fat,0.028638276,Baking Goods,195.8136,OUT018,2009,Tier 3,Supermarket Type2,2138.5496
988,FDK41,LF,0.126924095,Frozen Foods,87.2224,OUT027,1985,Tier 3,Supermarket Type3,3494.1184
989,FDG44,Low Fat,0.0,Fruits and Vegetables,54.1298,OUT046,1997,Tier 1,Supermarket Type1,1348.245
990,FDT23,Regular,0.074883035,Breads,79.8986,OUT045,2002,Tier 2,Supermarket Type1,1090.5804
991,FDF52,Low Fat,0.0,Frozen Foods,182.9292,OUT017,2007,Tier 2,Supermarket Type1,4013.4424
992,FDH24,Low Fat,0.021431134,Baking Goods,157.0288,OUT046,1997,Tier 1,Supermarket Type1,2199.8032
993,NCL31,Low Fat,0.120961347,Others,143.847,OUT017,2007,Tier 2,Supermarket Type1,4866.998
994,FDZ60,Low Fat,0.119547387,Baking Goods,108.9596,OUT049,1999,Tier 1,Supermarket Type1,539.298
995,FDK33,Low Fat,0.011281018,Snack Foods,213.756,OUT018,2009,Tier 3,Supermarket Type2,3408.896
996,FDE34,Low Fat,0.107870997,Snack Foods,181.2634,OUT035,2004,Tier 2,Supermarket Type1,2362.9242
997,FDG16,Low Fat,0.090324849,Frozen Foods,214.4192,OUT017,2007,Tier 2,Supermarket Type1,4961.5416
998,FDD14,Low Fat,0.170500183,Canned,184.1266,OUT018,2009,Tier 3,Supermarket Type2,1659.8394
999,FDP60,Low Fat,0.055908268,Baking Goods,99.8016,OUT035,2004,Tier 2,Supermarket Type1,607.2096
1000,FDT22,Low Fat,0.112271498,Snack Foods,58.222,OUT049,1999,Tier 1,Supermarket Type1,659.142
1001,FDP32,Low Fat,0.087805788,Fruits and Vegetables,126.7678,OUT049,1999,Tier 1,Supermarket Type1,1907.517
1002,FDW45,Low Fat,0.038978526,Snack Foods,148.6418,OUT013,1987,Tier 3,Supermarket Type1,2795.6942
1003,NCX18,Low Fat,0.008829806,Household,196.811,OUT018,2009,Tier 3,Supermarket Type2,4517.453
1004,FDS45,Regular,0.029616108,Snack Foods,107.7622,OUT018,2009,Tier 3,Supermarket Type2,2011.3818
1005,FDT09,Regular,0.021471456,Snack Foods,131.0284,OUT019,1985,Tier 1,Grocery Store,131.8284
1006,NCF55,LF,0.021666335,Household,33.3874,OUT046,1997,Tier 1,Supermarket Type1,1235.059
1007,DRD37,Low Fat,0.013830218,Soft Drinks,45.306,OUT013,1987,Tier 3,Supermarket Type1,1304.968
1008,FDU44,Regular,0.058516562,Fruits and Vegetables,164.1552,OUT049,1999,Tier 1,Supermarket Type1,5198.5664
1009,DRJ37,Low Fat,0.061446997,Soft Drinks,150.4024,OUT017,2007,Tier 2,Supermarket Type1,2884.2456
1010,FDX11,Regular,0.106918052,Baking Goods,183.5634,OUT049,1999,Tier 1,Supermarket Type1,4725.8484
1011,NCH30,Low Fat,0.112402118,Household,112.986,OUT010,1998,Tier 3,Grocery Store,113.186
1012,FDI56,Low Fat,0.093765794,Fruits and Vegetables,90.3146,OUT018,2009,Tier 3,Supermarket Type2,1733.0774
1013,FDC58,Low Fat,0.041907414,Snack Foods,43.8428,OUT013,1987,Tier 3,Supermarket Type1,175.7712
1014,FDU52,Low Fat,0.064030636,Frozen Foods,154.463,OUT018,2009,Tier 3,Supermarket Type2,2503.408
1015,FDX44,Low Fat,0.043209581,Fruits and Vegetables,90.8172,OUT017,2007,Tier 2,Supermarket Type1,535.3032
1016,NCF30,Low Fat,0.211306673,Household,125.1362,OUT010,1998,Tier 3,Grocery Store,251.6724
1017,FDT32,Regular,0.065901299,Fruits and Vegetables,188.7214,OUT018,2009,Tier 3,Supermarket Type2,1695.7926
1018,FDW34,Low Fat,0.035651291,Snack Foods,244.917,OUT045,2002,Tier 2,Supermarket Type1,2916.204
1019,FDV07,Low Fat,0.031331581,Fruits and Vegetables,111.1228,OUT049,1999,Tier 1,Supermarket Type1,663.1368
1020,NCP06,Low Fat,0.039405676,Household,149.8366,OUT018,2009,Tier 3,Supermarket Type2,2267.049
1021,NCF07,Low Fat,0.032022535,Household,101.8016,OUT046,1997,Tier 1,Supermarket Type1,1720.4272
1022,NCJ05,Low Fat,0.04604992,Health and Hygiene,151.9682,OUT013,1987,Tier 3,Supermarket Type1,3354.3004
1023,FDJ16,Low Fat,0.115353642,Frozen Foods,58.9246,OUT018,2009,Tier 3,Supermarket Type2,926.7936
1024,NCY41,low fat,0.075368868,Health and Hygiene,35.2532,OUT027,1985,Tier 3,Supermarket Type3,970.7364
1025,DRJ51,Low Fat,0.087977262,Dairy,229.0668,OUT035,2004,Tier 2,Supermarket Type1,3225.1352
1026,FDH35,Low Fat,0.059956876,Starchy Foods,165.4526,OUT027,1985,Tier 3,Supermarket Type3,5262.4832
1027,FDW03,Regular,0.024520854,Meat,102.8306,OUT013,1987,Tier 3,Supermarket Type1,1986.0814
1028,FDS57,Low Fat,0.103603094,Snack Foods,143.547,OUT049,1999,Tier 1,Supermarket Type1,1431.47
1029,NCM05,Low Fat,0.059940022,Health and Hygiene,262.4226,OUT049,1999,Tier 1,Supermarket Type1,3964.839
1030,FDP20,Low Fat,0.045855273,Fruits and Vegetables,127.102,OUT018,2009,Tier 3,Supermarket Type2,1771.028
1031,FDA03,Regular,0.076097035,Dairy,145.8102,OUT010,1998,Tier 3,Grocery Store,291.6204
1032,NCG06,Low Fat,0.029565309,Household,256.4646,OUT018,2009,Tier 3,Supermarket Type2,515.3292
1033,FDQ57,Low Fat,0.027942357,Snack Foods,145.076,OUT035,2004,Tier 2,Supermarket Type1,1611.236
1034,FDM03,Low Fat,0.123726711,Meat,107.7938,OUT017,2007,Tier 2,Supermarket Type1,2251.0698
1035,NCH06,Low Fat,0.076987408,Household,247.946,OUT017,2007,Tier 2,Supermarket Type1,3202.498
1036,FDV43,Low Fat,0.077290355,Fruits and Vegetables,44.5086,OUT017,2007,Tier 2,Supermarket Type1,713.7376
1037,FDA25,Regular,0.068511103,Canned,103.699,OUT017,2007,Tier 2,Supermarket Type1,1651.184
1038,NCR50,Low Fat,0.011820087,Household,151.634,OUT046,1997,Tier 1,Supermarket Type1,1990.742
1039,FDH40,Regular,0.078547351,Frozen Foods,79.3276,OUT027,1985,Tier 3,Supermarket Type3,1380.8692
1040,DRK39,Low Fat,0.049623924,Dairy,83.225,OUT027,1985,Tier 3,Supermarket Type3,1498.05
1041,FDA11,low fat,0.043029436,Baking Goods,94.7436,OUT027,1985,Tier 3,Supermarket Type3,1701.7848
1042,FDH17,Regular,0.016639482,Frozen Foods,95.8726,OUT013,1987,Tier 3,Supermarket Type1,1076.5986
1043,NCE31,Low Fat,0.185889129,Household,35.4216,OUT017,2007,Tier 2,Supermarket Type1,173.108
1044,FDU40,Low Fat,0.03747983,Frozen Foods,192.7478,OUT045,2002,Tier 2,Supermarket Type1,2131.2258
1045,FDR44,Regular,0.103340142,Fruits and Vegetables,131.2968,OUT018,2009,Tier 3,Supermarket Type2,913.4776
1046,NCE18,Low Fat,0.021407511,Household,248.175,OUT013,1987,Tier 3,Supermarket Type1,3495.45
1047,FDB57,reg,0.018911474,Fruits and Vegetables,220.5772,OUT017,2007,Tier 2,Supermarket Type1,2446.1492
1048,FDS37,Low Fat,0.031994534,Canned,114.3492,OUT049,1999,Tier 1,Supermarket Type1,1853.5872
1049,DRE48,Low Fat,0.017396308,Soft Drinks,196.0768,OUT018,2009,Tier 3,Supermarket Type2,4138.6128
1050,FDI58,Regular,0.070704474,Snack Foods,93.412,OUT046,1997,Tier 1,Supermarket Type1,1491.392
1051,FDO16,Low Fat,0.015131684,Frozen Foods,83.025,OUT049,1999,Tier 1,Supermarket Type1,1414.825
1052,NCO29,Low Fat,0.032387589,Health and Hygiene,164.3526,OUT018,2009,Tier 3,Supermarket Type2,2960.1468
1053,FDX50,Low Fat,0.075049323,Dairy,110.4228,OUT017,2007,Tier 2,Supermarket Type1,1105.228
1054,FDY36,Low Fat,0.009425158,Baking Goods,74.838,OUT049,1999,Tier 1,Supermarket Type1,1537.998
1055,FDI14,LF,0.089677773,Canned,139.8496,OUT046,1997,Tier 1,Supermarket Type1,1693.7952
1056,FDH57,LF,0.035949725,Fruits and Vegetables,132.9284,OUT017,2007,Tier 2,Supermarket Type1,3295.71
1057,FDP57,Low Fat,0.052657753,Snack Foods,103.699,OUT018,2009,Tier 3,Supermarket Type2,1031.99
1058,FDT31,Low Fat,0.01247354,Fruits and Vegetables,187.5872,OUT045,2002,Tier 2,Supermarket Type1,1323.6104
1059,FDY37,Regular,0.026546765,Canned,142.147,OUT013,1987,Tier 3,Supermarket Type1,2147.205
1060,NCY53,Low Fat,0.058198141,Health and Hygiene,110.4544,OUT027,1985,Tier 3,Supermarket Type3,4250.4672
1061,FDQ19,reg,0.024044279,Fruits and Vegetables,241.0512,OUT010,1998,Tier 3,Grocery Store,242.3512
1062,FDU13,Low Fat,0.188322664,Canned,148.5418,OUT018,2009,Tier 3,Supermarket Type2,2207.127
1063,NCE07,Low Fat,0.0,Household,140.5154,OUT045,2002,Tier 2,Supermarket Type1,1701.7848
1064,FDK04,Low Fat,0.052312034,Frozen Foods,58.5588,OUT046,1997,Tier 1,Supermarket Type1,801.6232
1065,FDT50,Regular,0.108148913,Dairy,95.6752,OUT013,1987,Tier 3,Supermarket Type1,958.752
1066,FDE50,Regular,0.016202582,Canned,188.2556,OUT035,2004,Tier 2,Supermarket Type1,3379.6008
1067,FDZ35,Regular,0.022404493,Breads,102.499,OUT017,2007,Tier 2,Supermarket Type1,2579.975
1068,NCI18,Low Fat,0.014103354,Household,225.4746,OUT017,2007,Tier 2,Supermarket Type1,1346.2476
1069,FDZ23,Regular,0.067777778,Baking Goods,186.924,OUT018,2009,Tier 3,Supermarket Type2,3169.208
1070,FDZ23,Regular,0.112985849,Baking Goods,185.424,OUT010,1998,Tier 3,Grocery Store,745.696
1071,FDT58,Low Fat,0.086440911,Snack Foods,167.0816,OUT017,2007,Tier 2,Supermarket Type1,1342.2528
1072,FDC11,LF,0.141106202,Starchy Foods,87.9172,OUT027,1985,Tier 3,Supermarket Type3,3836.3396
1073,FDZ40,Low Fat,0.040245222,Frozen Foods,54.9298,OUT049,1999,Tier 1,Supermarket Type1,1348.245
1074,FDI32,Low Fat,0.305305397,Fruits and Vegetables,116.6834,OUT019,1985,Tier 1,Grocery Store,460.7336
1075,DRJ49,Low Fat,0.014021626,Soft Drinks,127.1652,OUT045,2002,Tier 2,Supermarket Type1,1291.652
1076,FDK58,Regular,0.044945123,Snack Foods,101.0016,OUT013,1987,Tier 3,Supermarket Type1,2631.2416
1077,FDO60,Low Fat,0.034340926,Baking Goods,45.4086,OUT013,1987,Tier 3,Supermarket Type1,981.3892
1078,NCE31,Low Fat,0.184689756,Household,35.4216,OUT013,1987,Tier 3,Supermarket Type1,450.0808
1079,FDK58,Regular,0.045052492,Snack Foods,102.6016,OUT049,1999,Tier 1,Supermarket Type1,3137.2496
1080,FDF40,Regular,0.022507877,Dairy,248.1092,OUT035,2004,Tier 2,Supermarket Type1,4731.1748
1081,FDX57,Regular,0.047533568,Snack Foods,96.9068,OUT017,2007,Tier 2,Supermarket Type1,1458.102
1082,FDK14,Low Fat,0.041105789,Canned,83.4934,OUT046,1997,Tier 1,Supermarket Type1,1555.9746
1083,FDK55,Low Fat,0.025907416,Meat,87.7172,OUT017,2007,Tier 2,Supermarket Type1,802.9548
1084,FDF32,Low Fat,0.0,Fruits and Vegetables,196.3426,OUT018,2009,Tier 3,Supermarket Type2,1384.1982
1085,FDU23,LF,0.021618297,Breads,167.1184,OUT027,1985,Tier 3,Supermarket Type3,2476.776
1086,FDA33,LF,0.033952603,Snack Foods,148.2076,OUT049,1999,Tier 1,Supermarket Type1,3399.5748
1087,FDA49,Low Fat,0.064921764,Canned,88.1198,OUT046,1997,Tier 1,Supermarket Type1,1744.396
1088,FDF45,Regular,0.012254429,Fruits and Vegetables,59.9904,OUT018,2009,Tier 3,Supermarket Type2,644.4944
1089,NCO42,Low Fat,0.024756031,Household,146.7102,OUT018,2009,Tier 3,Supermarket Type2,1603.9122
1090,FDE11,Regular,0.13498355,Starchy Foods,184.4924,OUT013,1987,Tier 3,Supermarket Type1,3146.5708
1091,FDC09,Regular,0.026280116,Fruits and Vegetables,102.3332,OUT013,1987,Tier 3,Supermarket Type1,922.7988
1092,NCM54,Low Fat,0.050929429,Household,129.1678,OUT035,2004,Tier 2,Supermarket Type1,1780.3492
1093,FDM44,Low Fat,0.031225303,Fruits and Vegetables,102.899,OUT017,2007,Tier 2,Supermarket Type1,2167.179
1094,FDM44,low fat,0.031112643,Fruits and Vegetables,104.999,OUT045,2002,Tier 2,Supermarket Type1,1444.786
1095,FDV47,Low Fat,0.0,Breads,85.5566,OUT049,1999,Tier 1,Supermarket Type1,1860.2452
1096,NCO18,Low Fat,0.024646608,Household,177.4686,OUT035,2004,Tier 2,Supermarket Type1,5510.8266
1097,FDG56,Regular,0.071597469,Fruits and Vegetables,60.8536,OUT045,2002,Tier 2,Supermarket Type1,918.804
1098,NCZ41,Low Fat,0.064551885,Health and Hygiene,125.2704,OUT045,2002,Tier 2,Supermarket Type1,2127.8968
1099,FDH47,Regular,0.128709014,Starchy Foods,96.1068,OUT013,1987,Tier 3,Supermarket Type1,1846.9292
1100,FDA46,Low Fat,0.117613212,Snack Foods,194.2136,OUT035,2004,Tier 2,Supermarket Type1,2527.3768
1101,FDM13,Low Fat,0.063532672,Breakfast,133.0626,OUT017,2007,Tier 2,Supermarket Type1,1442.7886
1102,FDV33,Regular,0.02734361,Snack Foods,257.8304,OUT046,1997,Tier 1,Supermarket Type1,1808.3128
1103,NCJ19,Low Fat,0.118661426,Others,58.7588,OUT018,2009,Tier 3,Supermarket Type2,858.882
1104,FDC09,Regular,0.026355345,Fruits and Vegetables,100.8332,OUT045,2002,Tier 2,Supermarket Type1,1537.998
1105,NCL17,Low Fat,0.067779712,Health and Hygiene,143.8812,OUT046,1997,Tier 1,Supermarket Type1,3134.5864
1106,FDR22,Regular,0.018600249,Snack Foods,110.2544,OUT045,2002,Tier 2,Supermarket Type1,2908.2144
1107,NCB42,LF,0.008609602,Health and Hygiene,114.8492,OUT017,2007,Tier 2,Supermarket Type1,1390.1904
1108,NCF55,Low Fat,0.021648305,Household,35.6874,OUT013,1987,Tier 3,Supermarket Type1,952.7598
1109,FDE35,reg,0.043863865,Starchy Foods,59.5904,OUT013,1987,Tier 3,Supermarket Type1,761.6752
1110,FDY02,Regular,0.087221497,Dairy,263.991,OUT027,1985,Tier 3,Supermarket Type3,9467.676
1111,FDM32,Low Fat,0.020605032,Fruits and Vegetables,91.083,OUT046,1997,Tier 1,Supermarket Type1,539.298
1112,FDS40,Low Fat,0.013951504,Frozen Foods,36.719,OUT027,1985,Tier 3,Supermarket Type3,622.523
1113,FDW14,Regular,0.038211537,Dairy,87.7198,OUT046,1997,Tier 1,Supermarket Type1,1569.9564
1114,FDF41,Low Fat,0.131714183,Frozen Foods,245.846,OUT018,2009,Tier 3,Supermarket Type2,4434.228
1115,FDI57,Low Fat,0.054015429,Seafood,196.3768,OUT035,2004,Tier 2,Supermarket Type1,4138.6128
1116,FDV15,Low Fat,0.146999264,Meat,103.7648,OUT017,2007,Tier 2,Supermarket Type1,2804.3496
1117,FDF52,Low Fat,0.11178154,Frozen Foods,182.3292,OUT010,1998,Tier 3,Grocery Store,182.4292
1118,FDE34,Low Fat,0.107891398,Snack Foods,182.7634,OUT046,1997,Tier 1,Supermarket Type1,3817.0314
1119,FDS03,Low Fat,0.079952983,Meat,62.7826,OUT018,2009,Tier 3,Supermarket Type2,1162.4868
1120,NCG43,Low Fat,0.0,Household,94.1462,OUT046,1997,Tier 1,Supermarket Type1,832.9158
1121,FDU38,Low Fat,0.083016832,Dairy,193.4504,OUT017,2007,Tier 2,Supermarket Type1,2876.256
1122,FDV03,Low Fat,0.058209079,Meat,153.6314,OUT045,2002,Tier 2,Supermarket Type1,5274.4676
1123,FDE05,Regular,0.032427039,Frozen Foods,147.7102,OUT013,1987,Tier 3,Supermarket Type1,1166.4816
1124,NCP43,Low Fat,0.030568919,Others,177.866,OUT045,2002,Tier 2,Supermarket Type1,2336.958
1125,FDE05,Regular,0.032454046,Frozen Foods,144.8102,OUT046,1997,Tier 1,Supermarket Type1,3062.0142
1126,FDZ04,Low Fat,0.038169783,Frozen Foods,64.551,OUT017,2007,Tier 2,Supermarket Type1,1581.275
1127,NCD43,Low Fat,0.026814124,Household,103.7964,OUT010,1998,Tier 3,Grocery Store,210.3928
1128,FDK28,Low Fat,0.109784056,Frozen Foods,256.0646,OUT010,1998,Tier 3,Grocery Store,1288.323
1129,FDL04,Low Fat,0.111830282,Frozen Foods,105.4622,OUT013,1987,Tier 3,Supermarket Type1,952.7598
1130,NCI17,Low Fat,0.142728113,Health and Hygiene,95.141,OUT027,1985,Tier 3,Supermarket Type3,2510.066
1131,FDJ10,Regular,0.129395895,Snack Foods,140.3838,OUT013,1987,Tier 3,Supermarket Type1,1826.2894
1132,FDJ04,Low Fat,0.124452048,Frozen Foods,118.5124,OUT046,1997,Tier 1,Supermarket Type1,1303.6364
1133,FDB29,Regular,0.052517969,Frozen Foods,115.4176,OUT045,2002,Tier 2,Supermarket Type1,687.1056
1134,FDW56,Low Fat,0.070900282,Fruits and Vegetables,192.6162,OUT046,1997,Tier 1,Supermarket Type1,5580.0698
1135,FDU33,Regular,0.134684292,Snack Foods,47.0402,OUT035,2004,Tier 2,Supermarket Type1,1470.0864
1136,FDH20,Regular,0.0,Fruits and Vegetables,98.441,OUT017,2007,Tier 2,Supermarket Type1,868.869
1137,FDF26,Regular,0.046729336,Canned,153.4998,OUT045,2002,Tier 2,Supermarket Type1,2153.1972
1138,FDK51,Low Fat,0.005264755,Dairy,264.5884,OUT017,2007,Tier 2,Supermarket Type1,5829.7448
1139,NCV41,Low Fat,0.017038777,Health and Hygiene,112.5228,OUT046,1997,Tier 1,Supermarket Type1,1989.4104
1140,FDZ48,Low Fat,0.075959623,Baking Goods,112.4544,OUT046,1997,Tier 1,Supermarket Type1,2460.7968
1141,NCX29,Low Fat,0.156094569,Health and Hygiene,144.3102,OUT019,1985,Tier 1,Grocery Store,145.8102
1142,FDK44,Low Fat,0.122918852,Fruits and Vegetables,173.0738,OUT017,2007,Tier 2,Supermarket Type1,3823.0236
1143,FDC26,Low Fat,0.126383094,Canned,112.1886,OUT046,1997,Tier 1,Supermarket Type1,667.1316
1144,FDZ27,LF,0.017141985,Dairy,50.035,OUT013,1987,Tier 3,Supermarket Type1,149.805
1145,FDB46,Regular,0.094145821,Snack Foods,210.8244,OUT018,2009,Tier 3,Supermarket Type2,2117.244
1146,FDW23,Low Fat,0.081996785,Baking Goods,40.1164,OUT035,2004,Tier 2,Supermarket Type1,540.6296
1147,FDS11,Regular,0.055644887,Breads,224.9088,OUT049,1999,Tier 1,Supermarket Type1,2684.5056
1148,DRG27,Low Fat,0.0,Dairy,42.0138,OUT018,2009,Tier 3,Supermarket Type2,568.5932
1149,FDS50,Low Fat,0.055746931,Dairy,220.0114,OUT017,2007,Tier 2,Supermarket Type1,2217.114
1150,FDV24,Low Fat,0.0,Baking Goods,148.705,OUT049,1999,Tier 1,Supermarket Type1,1198.44
1151,FDA57,Low Fat,0.039723999,Snack Foods,41.048,OUT045,2002,Tier 2,Supermarket Type1,918.804
1152,FDB58,Regular,0.013551445,Snack Foods,142.0154,OUT018,2009,Tier 3,Supermarket Type2,2410.8618
1153,FDI57,Low Fat,0.054331235,Seafood,198.7768,OUT017,2007,Tier 2,Supermarket Type1,4532.7664
1154,FDR35,Low Fat,0.020597493,Breads,200.0742,OUT027,1985,Tier 3,Supermarket Type3,8958.339
1155,DRI23,Low Fat,0.137410256,Hard Drinks,161.7578,OUT049,1999,Tier 1,Supermarket Type1,1604.578
1156,NCQ42,Low Fat,0.039235527,Household,127.2678,OUT013,1987,Tier 3,Supermarket Type1,1017.3424
1157,NCE31,Low Fat,0.185596553,Household,35.7216,OUT018,2009,Tier 3,Supermarket Type2,69.2432
1158,FDQ09,Low Fat,0.0,Snack Foods,115.1834,OUT045,2002,Tier 2,Supermarket Type1,1382.2008
1159,FDD56,Regular,0.103988736,Fruits and Vegetables,177.0054,OUT045,2002,Tier 2,Supermarket Type1,3677.2134
1160,NCE18,Low Fat,0.021512619,Household,247.775,OUT018,2009,Tier 3,Supermarket Type2,3745.125
1161,FDY48,Low Fat,0.023831558,Baking Goods,103.1332,OUT018,2009,Tier 3,Supermarket Type2,1948.1308
1162,FDM22,Regular,0.041754584,Snack Foods,53.464,OUT027,1985,Tier 3,Supermarket Type3,1597.92
1163,FDT43,Low Fat,0.020547951,Fruits and Vegetables,51.2324,OUT046,1997,Tier 1,Supermarket Type1,571.2564
1164,FDE28,Regular,0.132521929,Frozen Foods,228.6668,OUT035,2004,Tier 2,Supermarket Type1,4146.6024
1165,FDX43,LF,0.085274988,Fruits and Vegetables,165.05,OUT046,1997,Tier 1,Supermarket Type1,2330.3
1166,FDY49,Regular,0.012036432,Canned,165.7184,OUT045,2002,Tier 2,Supermarket Type1,1816.3024
1167,FDM36,Regular,0.059063036,Baking Goods,172.0422,OUT017,2007,Tier 2,Supermarket Type1,1379.5376
1168,FDI10,Regular,0.078526225,Snack Foods,173.5422,OUT049,1999,Tier 1,Supermarket Type1,5000.8238
1169,FDU02,Low Fat,0.102670882,Dairy,228.6352,OUT049,1999,Tier 1,Supermarket Type1,3435.528
1170,FDL56,Low Fat,0.12517151,Fruits and Vegetables,88.9198,OUT027,1985,Tier 3,Supermarket Type3,3139.9128
1171,FDR08,Low Fat,0.03761584,Fruits and Vegetables,109.1886,OUT035,2004,Tier 2,Supermarket Type1,1890.2062
1172,FDE16,Low Fat,0.044093978,Frozen Foods,208.3954,OUT010,1998,Tier 3,Grocery Store,1041.977
1173,FDG34,Regular,0.037539164,Snack Foods,106.9254,OUT013,1987,Tier 3,Supermarket Type1,3038.7112
1174,FDT07,Regular,0.077475884,Fruits and Vegetables,255.333,OUT045,2002,Tier 2,Supermarket Type1,4870.327
1175,FDA44,LF,0.053439522,Fruits and Vegetables,55.093,OUT018,2009,Tier 3,Supermarket Type2,1018.674
1176,NCJ54,Low Fat,0.060055757,Household,234.2642,OUT035,2004,Tier 2,Supermarket Type1,3717.8272
1177,FDG32,Low Fat,0.175962247,Fruits and Vegetables,223.0772,OUT035,2004,Tier 2,Supermarket Type1,1779.0176
1178,FDK40,Low Fat,0.0,Frozen Foods,263.291,OUT010,1998,Tier 3,Grocery Store,525.982
1179,FDG38,Regular,0.053027398,Canned,86.0224,OUT017,2007,Tier 2,Supermarket Type1,1278.336
1180,FDI44,Low Fat,0.100799828,Fruits and Vegetables,78.4328,OUT017,2007,Tier 2,Supermarket Type1,1467.4232
1181,NCW05,Low Fat,0.148302815,Health and Hygiene,108.3938,OUT049,1999,Tier 1,Supermarket Type1,2787.0388
1182,FDC53,Low Fat,0.008828341,Frozen Foods,99.9384,OUT013,1987,Tier 3,Supermarket Type1,689.7688
1183,FDA47,Regular,0.117149075,Baking Goods,164.121,OUT018,2009,Tier 3,Supermarket Type2,1794.331
1184,FDK38,Low Fat,0.089196394,Canned,147.0734,OUT010,1998,Tier 3,Grocery Store,296.9468
1185,FDL51,Regular,0.047587685,Dairy,215.0876,OUT045,2002,Tier 2,Supermarket Type1,5145.3024
1186,FDX16,LF,0.065810045,Frozen Foods,149.105,OUT046,1997,Tier 1,Supermarket Type1,2247.075
1187,FDL08,Low Fat,0.049677651,Fruits and Vegetables,245.9144,OUT013,1987,Tier 3,Supermarket Type1,4655.2736
1188,FDF52,Low Fat,0.116928924,Frozen Foods,183.3292,OUT019,1985,Tier 1,Grocery Store,364.8584
1189,FDX07,Regular,0.0,Fruits and Vegetables,182.095,OUT010,1998,Tier 3,Grocery Store,732.38
1190,FDK26,reg,0.032177405,Canned,185.424,OUT046,1997,Tier 1,Supermarket Type1,5219.872
1191,FDO10,Regular,0.012749289,Snack Foods,58.8588,OUT035,2004,Tier 2,Supermarket Type1,973.3996
1192,FDB35,Regular,0.064618976,Starchy Foods,89.8804,OUT046,1997,Tier 1,Supermarket Type1,1286.3256
1193,FDW51,Regular,0.094659871,Meat,214.556,OUT046,1997,Tier 1,Supermarket Type1,2769.728
1194,FDQ44,Low Fat,0.036140297,Fruits and Vegetables,120.0756,OUT046,1997,Tier 1,Supermarket Type1,2302.3364
1195,NCY17,Low Fat,0.0,Health and Hygiene,44.1086,OUT045,2002,Tier 2,Supermarket Type1,1115.215
1196,FDH44,reg,0.025867261,Fruits and Vegetables,147.6418,OUT035,2004,Tier 2,Supermarket Type1,1471.418
1197,FDC34,Regular,0.302478871,Snack Foods,155.4972,OUT019,1985,Tier 1,Grocery Store,311.5944
1198,FDA45,Low Fat,0.155350299,Snack Foods,178.237,OUT035,2004,Tier 2,Supermarket Type1,529.311
1199,FDI34,Regular,0.085617517,Snack Foods,229.3668,OUT017,2007,Tier 2,Supermarket Type1,2303.668
1200,FDP13,Regular,0.134532392,Canned,39.448,OUT049,1999,Tier 1,Supermarket Type1,878.856
1201,FDP37,Low Fat,0.142986863,Breakfast,130.3994,OUT013,1987,Tier 3,Supermarket Type1,2826.9868
1202,FDY28,Regular,0.152024355,Frozen Foods,211.8218,OUT013,1987,Tier 3,Supermarket Type1,1496.0526
1203,NCR38,Low Fat,0.113694957,Household,253.4724,OUT049,1999,Tier 1,Supermarket Type1,6040.1376
1204,FDW51,Regular,0.158441218,Meat,213.756,OUT010,1998,Tier 3,Grocery Store,852.224
1205,DRM35,Low Fat,0.070431235,Hard Drinks,177.5344,OUT035,2004,Tier 2,Supermarket Type1,3033.3848
1206,FDK08,Regular,0.122304725,Fruits and Vegetables,99.2016,OUT046,1997,Tier 1,Supermarket Type1,809.6128
1207,NCR41,Low Fat,0.018097419,Health and Hygiene,96.9094,OUT018,2009,Tier 3,Supermarket Type2,1332.9316
1208,DRI49,Low Fat,0.183472595,Soft Drinks,82.0276,OUT035,2004,Tier 2,Supermarket Type1,1624.552
1209,NCF42,Low Fat,0.166572501,Household,176.1712,OUT027,1985,Tier 3,Supermarket Type3,3691.1952
1210,NCT53,Low Fat,0.048388423,Health and Hygiene,163.0526,OUT017,2007,Tier 2,Supermarket Type1,2302.3364
1211,FDK44,Low Fat,0.122475364,Fruits and Vegetables,175.5738,OUT045,2002,Tier 2,Supermarket Type1,347.5476
1212,FDP27,LF,0.119351235,Meat,190.153,OUT013,1987,Tier 3,Supermarket Type1,4933.578
1213,FDR11,Regular,0.142511272,Breads,158.7578,OUT035,2004,Tier 2,Supermarket Type1,2246.4092
1214,FDD35,Low Fat,0.02573918,Starchy Foods,120.744,OUT027,1985,Tier 3,Supermarket Type3,3954.852
1215,NCI29,Low Fat,0.032672263,Health and Hygiene,141.2154,OUT049,1999,Tier 1,Supermarket Type1,709.077
1216,FDD59,Regular,0.065860323,Starchy Foods,81.896,OUT027,1985,Tier 3,Supermarket Type3,1677.816
1217,FDO04,Low Fat,0.026408698,Frozen Foods,53.2614,OUT027,1985,Tier 3,Supermarket Type3,607.8754
1218,FDU11,Low Fat,0.092516598,Breads,120.1098,OUT013,1987,Tier 3,Supermarket Type1,1325.6078
1219,FDK14,Low Fat,0.041189152,Canned,82.8934,OUT045,2002,Tier 2,Supermarket Type1,818.934
1220,FDV20,Regular,0.060045008,Fruits and Vegetables,128.3678,OUT018,2009,Tier 3,Supermarket Type2,1398.8458
1221,FDV37,Regular,0.083498083,Canned,199.4426,OUT035,2004,Tier 2,Supermarket Type1,593.2278
1222,DRH03,low fat,0.035118834,Dairy,93.412,OUT049,1999,Tier 1,Supermarket Type1,932.12
1223,FDZ45,Low Fat,0.066979957,Snack Foods,196.7084,OUT049,1999,Tier 1,Supermarket Type1,3174.5344
1224,FDO52,Regular,0.077164595,Frozen Foods,172.5106,OUT046,1997,Tier 1,Supermarket Type1,2566.659
1225,FDS45,Regular,0.029490377,Snack Foods,107.6622,OUT035,2004,Tier 2,Supermarket Type1,2858.2794
1226,NCO07,Low Fat,0.009816092,Others,211.856,OUT018,2009,Tier 3,Supermarket Type2,3621.952
1227,FDA09,Regular,0.149598628,Snack Foods,179.466,OUT049,1999,Tier 1,Supermarket Type1,3775.086
1228,NCF18,Low Fat,0.089163056,Household,191.3504,OUT045,2002,Tier 2,Supermarket Type1,3259.7568
1229,NCE30,Low Fat,0.099290166,Household,214.0902,OUT049,1999,Tier 1,Supermarket Type1,1486.7314
1230,FDG09,Regular,0.048010812,Fruits and Vegetables,187.7556,OUT049,1999,Tier 1,Supermarket Type1,3004.0896
1231,FDB34,Low Fat,0.02671821,Snack Foods,85.2198,OUT018,2009,Tier 3,Supermarket Type2,1482.7366
1232,FDR43,Low Fat,0.162147349,Fruits and Vegetables,37.719,OUT018,2009,Tier 3,Supermarket Type2,549.285
1233,FDT24,Regular,0.185824165,Baking Goods,78.5328,OUT035,2004,Tier 2,Supermarket Type1,695.0952
1234,DRH03,Low Fat,0.05869048,Dairy,91.612,OUT010,1998,Tier 3,Grocery Store,93.212
1235,FDB17,Low Fat,0.036746479,Frozen Foods,181.2976,OUT045,2002,Tier 2,Supermarket Type1,3259.7568
1236,DRG23,Low Fat,0.086708987,Hard Drinks,151.7682,OUT013,1987,Tier 3,Supermarket Type1,762.341
1237,NCF19,Low Fat,0.061470858,Household,48.6034,OUT019,1985,Tier 1,Grocery Store,145.8102
1238,FDH41,Low Fat,0.081614376,Frozen Foods,214.7534,OUT027,1985,Tier 3,Supermarket Type3,5806.4418
1239,FDR58,Low Fat,0.041886576,Snack Foods,92.1462,OUT013,1987,Tier 3,Supermarket Type1,1203.1006
1240,NCG55,Low Fat,0.039113587,Household,116.0176,OUT013,1987,Tier 3,Supermarket Type1,1488.7288
1241,FDF41,Low Fat,0.131383762,Frozen Foods,246.046,OUT049,1999,Tier 1,Supermarket Type1,1231.73
1242,FDH27,Low Fat,0.097660814,Dairy,141.8128,OUT010,1998,Tier 3,Grocery Store,143.8128
1243,FDF56,Regular,0.209162936,Fruits and Vegetables,179.1976,OUT019,1985,Tier 1,Grocery Store,543.2928
1244,FDO08,Regular,0.09415375,Fruits and Vegetables,165.7526,OUT019,1985,Tier 1,Grocery Store,657.8104
1245,FDX20,Low Fat,0.042354152,Fruits and Vegetables,227.272,OUT027,1985,Tier 3,Supermarket Type3,7017.532
1246,NCI31,Low Fat,0.08165845,Others,35.019,OUT018,2009,Tier 3,Supermarket Type2,585.904
1247,FDV59,Low Fat,0.080387424,Breads,219.2166,OUT010,1998,Tier 3,Grocery Store,1524.0162
1248,FDT59,Low Fat,0.015976249,Breads,230.2668,OUT018,2009,Tier 3,Supermarket Type2,2994.7684
1249,NCS30,Low Fat,0.0,Household,128.9652,OUT017,2007,Tier 2,Supermarket Type1,1808.3128
1250,FDM04,Regular,0.047387144,Frozen Foods,50.8666,OUT017,2007,Tier 2,Supermarket Type1,871.5322
1251,NCK29,Low Fat,0.0,Health and Hygiene,123.473,OUT019,1985,Tier 1,Grocery Store,369.519
1252,FDL13,Regular,0.056406129,Breakfast,231.43,OUT049,1999,Tier 1,Supermarket Type1,3029.39
1253,NCD54,Low Fat,0.029008944,Household,143.3786,OUT046,1997,Tier 1,Supermarket Type1,866.8716
1254,FDK09,Low Fat,0.091318935,Snack Foods,230.7352,OUT027,1985,Tier 3,Supermarket Type3,8474.3024
1255,FDY16,Regular,0.092413792,Frozen Foods,183.6266,OUT045,2002,Tier 2,Supermarket Type1,1844.266
1256,FDS57,LF,0.103422709,Snack Foods,144.847,OUT035,2004,Tier 2,Supermarket Type1,1717.764
1257,DRH23,Low Fat,0.0,Hard Drinks,54.9614,OUT049,1999,Tier 1,Supermarket Type1,552.614
1258,FDV22,Regular,0.009979271,Snack Foods,155.763,OUT018,2009,Tier 3,Supermarket Type2,3129.26
1259,DRE37,Low Fat,0.094366079,Soft Drinks,190.9872,OUT049,1999,Tier 1,Supermarket Type1,2836.308
1260,FDW33,Low Fat,0.099681254,Snack Foods,106.428,OUT017,2007,Tier 2,Supermarket Type1,1917.504
1261,FDS60,Low Fat,0.032580705,Baking Goods,180.066,OUT018,2009,Tier 3,Supermarket Type2,2157.192
1262,FDO10,reg,0.0127517,Snack Foods,55.5588,OUT046,1997,Tier 1,Supermarket Type1,1603.2464
1263,FDN60,Low Fat,0.095140088,Baking Goods,159.9604,OUT035,2004,Tier 2,Supermarket Type1,2852.2872
1264,FDG12,Regular,0.00636189,Baking Goods,121.1098,OUT017,2007,Tier 2,Supermarket Type1,2651.2156
1265,FDL02,Regular,0.104245198,Canned,105.3622,OUT049,1999,Tier 1,Supermarket Type1,1270.3464
1266,FDC52,Regular,0.008326735,Dairy,149.9708,OUT017,2007,Tier 2,Supermarket Type1,1956.1204
1267,FDT12,Regular,0.049621701,Baking Goods,226.1062,OUT046,1997,Tier 1,Supermarket Type1,4739.8302
1268,FDS28,Regular,0.082002559,Frozen Foods,59.2588,OUT027,1985,Tier 3,Supermarket Type3,1374.2112
1269,FDM08,Regular,0.053667516,Fruits and Vegetables,223.0088,OUT049,1999,Tier 1,Supermarket Type1,671.1264
1270,FDW26,Regular,0.107036943,Dairy,220.3772,OUT035,2004,Tier 2,Supermarket Type1,4447.544
1271,DRK12,Low Fat,0.0,Soft Drinks,32.89,OUT010,1998,Tier 3,Grocery Store,33.29
1272,NCD18,Low Fat,0.0,Household,228.8668,OUT046,1997,Tier 1,Supermarket Type1,1612.5676
1273,DRF27,Low Fat,0.049754975,Dairy,152.134,OUT019,1985,Tier 1,Grocery Store,153.134
1274,NCV05,Low Fat,0.030379382,Health and Hygiene,153.4656,OUT017,2007,Tier 2,Supermarket Type1,1853.5872
1275,DRL01,Regular,0.077608838,Soft Drinks,233.4958,OUT017,2007,Tier 2,Supermarket Type1,5375.0034
1276,FDA31,Low Fat,0.109990885,Fruits and Vegetables,172.908,OUT035,2004,Tier 2,Supermarket Type1,2769.728
1277,FDS08,Low Fat,0.05696122,Fruits and Vegetables,176.337,OUT046,1997,Tier 1,Supermarket Type1,1764.37
1278,FDL34,Low Fat,0.041112694,Snack Foods,139.9496,OUT018,2009,Tier 3,Supermarket Type2,3105.2912
1279,NCO29,Low Fat,0.032229348,Health and Hygiene,163.2526,OUT013,1987,Tier 3,Supermarket Type1,1480.0734
1280,FDI38,Regular,0.014656564,Canned,208.5638,OUT045,2002,Tier 2,Supermarket Type1,2277.7018
1281,FDN27,Low Fat,0.039624006,Meat,117.2808,OUT049,1999,Tier 1,Supermarket Type1,1523.3504
1282,NCQ54,Low Fat,0.020993364,Household,166.8474,OUT010,1998,Tier 3,Grocery Store,168.4474
1283,FDG33,Regular,0.140524691,Seafood,172.7764,OUT045,2002,Tier 2,Supermarket Type1,2233.0932
1284,NCW17,Low Fat,0.019292355,Health and Hygiene,129.9994,OUT027,1985,Tier 3,Supermarket Type3,3340.9844
1285,FDF58,LF,0.0,Snack Foods,62.151,OUT010,1998,Tier 3,Grocery Store,63.251
1286,FDQ57,Low Fat,0.048932713,Snack Foods,144.476,OUT019,1985,Tier 1,Grocery Store,146.476
1287,FDG50,Low Fat,0.015295536,Canned,89.7146,OUT049,1999,Tier 1,Supermarket Type1,547.2876
1288,FDA49,Low Fat,0.064607378,Canned,87.4198,OUT027,1985,Tier 3,Supermarket Type3,2267.7148
1289,FDJ21,Regular,0.038528228,Snack Foods,143.9102,OUT046,1997,Tier 1,Supermarket Type1,1749.7224
1290,NCY18,Low Fat,0.031278532,Household,176.0054,OUT018,2009,Tier 3,Supermarket Type2,2626.581
1291,DRF60,low fat,0.052174319,Soft Drinks,240.3564,OUT045,2002,Tier 2,Supermarket Type1,4290.4152
1292,NCR38,Low Fat,0.113518466,Household,253.5724,OUT046,1997,Tier 1,Supermarket Type1,5033.448
1293,FDJ04,Low Fat,0.124959013,Frozen Foods,116.5124,OUT018,2009,Tier 3,Supermarket Type2,355.5372
1294,FDK25,Regular,0.274592283,Breakfast,167.8474,OUT019,1985,Tier 1,Grocery Store,336.8948
1295,FDE57,Low Fat,0.036109413,Fruits and Vegetables,140.6154,OUT027,1985,Tier 3,Supermarket Type3,4538.0928
1296,FDQ03,Regular,0.077949334,Meat,238.7248,OUT013,1987,Tier 3,Supermarket Type1,2133.2232
1297,NCQ41,Low Fat,0.01946418,Health and Hygiene,196.3794,OUT013,1987,Tier 3,Supermarket Type1,1950.794
1298,FDP12,Regular,0.045266806,Baking Goods,36.9874,OUT046,1997,Tier 1,Supermarket Type1,705.748
1299,FDG40,Low Fat,0.040049609,Frozen Foods,34.4558,OUT017,2007,Tier 2,Supermarket Type1,611.2044
1300,NCA06,Low Fat,0.0,Household,37.119,OUT018,2009,Tier 3,Supermarket Type2,842.237
1301,FDJ48,Low Fat,0.0,Baking Goods,245.2118,OUT045,2002,Tier 2,Supermarket Type1,5681.2714
1302,FDH28,reg,0.192650072,Frozen Foods,37.4506,OUT019,1985,Tier 1,Grocery Store,37.9506
1303,FDI04,Regular,0.072851756,Frozen Foods,197.1426,OUT013,1987,Tier 3,Supermarket Type1,3954.852
1304,NCY29,Low Fat,0.135226962,Health and Hygiene,56.293,OUT019,1985,Tier 1,Grocery Store,113.186
1305,NCG43,Low Fat,0.073879939,Household,94.0462,OUT027,1985,Tier 3,Supermarket Type3,1850.924
1306,NCO05,Low Fat,0.046520703,Health and Hygiene,97.7384,OUT013,1987,Tier 3,Supermarket Type1,591.2304
1307,NCM30,Low Fat,0.067569539,Household,43.0796,OUT018,2009,Tier 3,Supermarket Type2,619.194
1308,FDS55,Low Fat,0.142107998,Fruits and Vegetables,150.3734,OUT019,1985,Tier 1,Grocery Store,296.9468
1309,FDA08,Regular,0.050186726,Fruits and Vegetables,164.1526,OUT045,2002,Tier 2,Supermarket Type1,3124.5994
1310,NCK54,Low Fat,0.0,Household,117.815,OUT017,2007,Tier 2,Supermarket Type1,2330.3
1311,FDO57,Low Fat,0.19033746,Snack Foods,159.4578,OUT019,1985,Tier 1,Grocery Store,160.4578
1312,DRE37,Low Fat,0.094219593,Soft Drinks,189.9872,OUT046,1997,Tier 1,Supermarket Type1,1323.6104
1313,DRN37,LF,0.096689673,Soft Drinks,168.0158,OUT018,2009,Tier 3,Supermarket Type2,1336.9264
1314,DRK01,Low Fat,0.061159246,Soft Drinks,92.5436,OUT049,1999,Tier 1,Supermarket Type1,1607.2412
1315,FDA40,Regular,0.099252438,Frozen Foods,87.4856,OUT035,2004,Tier 2,Supermarket Type1,1054.6272
1316,FDQ58,Low Fat,0.015364173,Snack Foods,154.334,OUT018,2009,Tier 3,Supermarket Type2,4287.752
1317,DRG51,Low Fat,0.011604894,Dairy,166.0526,OUT017,2007,Tier 2,Supermarket Type1,1480.0734
1318,NCM31,Low Fat,0.081196619,Others,141.4154,OUT046,1997,Tier 1,Supermarket Type1,1418.154
1319,FDJ21,Regular,0.038496166,Snack Foods,147.5102,OUT013,1987,Tier 3,Supermarket Type1,5540.7876
1320,DRK23,Low Fat,0.07191675,Hard Drinks,254.804,OUT013,1987,Tier 3,Supermarket Type1,7843.124
1321,FDL20,Low Fat,0.128937661,Fruits and Vegetables,112.3886,OUT018,2009,Tier 3,Supermarket Type2,1779.0176
1322,FDD29,Low Fat,0.018410515,Frozen Foods,252.1698,OUT046,1997,Tier 1,Supermarket Type1,2283.0282
1323,FDV60,Regular,0.118025091,Baking Goods,195.811,OUT017,2007,Tier 2,Supermarket Type1,2553.343
1324,FDM27,Regular,0.158337479,Meat,157.9946,OUT013,1987,Tier 3,Supermarket Type1,3313.6866
1325,FDM36,Regular,0.102830104,Baking Goods,172.6422,OUT019,1985,Tier 1,Grocery Store,344.8844
1326,NCX30,LF,0.046609281,Household,248.6776,OUT019,1985,Tier 1,Grocery Store,495.3552
1327,FDU44,Regular,0.102295904,Fruits and Vegetables,162.3552,OUT019,1985,Tier 1,Grocery Store,487.3656
1328,FDX23,Low Fat,0.029667053,Baking Goods,94.4436,OUT013,1987,Tier 3,Supermarket Type1,1134.5232
1329,FDA45,Low Fat,0.155250377,Snack Foods,175.737,OUT013,1987,Tier 3,Supermarket Type1,2117.244
1330,DRI59,Low Fat,0.040636926,Hard Drinks,224.6088,OUT027,1985,Tier 3,Supermarket Type3,4474.176
1331,DRK37,Low Fat,0.044004675,Soft Drinks,188.853,OUT046,1997,Tier 1,Supermarket Type1,5502.837
1332,FDY12,Regular,0.14118383,Baking Goods,50.5008,OUT018,2009,Tier 3,Supermarket Type2,253.004
1333,FDD17,Low Fat,0.0,Frozen Foods,237.7906,OUT035,2004,Tier 2,Supermarket Type1,1188.453
1334,DRI11,Low Fat,0.034237682,Hard Drinks,113.2834,OUT027,1985,Tier 3,Supermarket Type3,2303.668
1335,NCR54,low fat,0.091074449,Household,196.811,OUT017,2007,Tier 2,Supermarket Type1,3338.987
1336,FDI40,Regular,0.126114605,Frozen Foods,99.3358,OUT018,2009,Tier 3,Supermarket Type2,804.2864
1337,DRG39,Low Fat,0.042352822,Dairy,51.6982,OUT018,2009,Tier 3,Supermarket Type2,1262.3568
1338,FDW33,Low Fat,0.099274694,Snack Foods,104.528,OUT049,1999,Tier 1,Supermarket Type1,852.224
1339,DRF25,Low Fat,0.068153091,Soft Drinks,36.019,OUT019,1985,Tier 1,Grocery Store,73.238
1340,FDK16,Low Fat,0.115799592,Frozen Foods,95.3094,OUT018,2009,Tier 3,Supermarket Type2,1713.7692
1341,DRD25,Low Fat,0.078589629,Soft Drinks,113.286,OUT027,1985,Tier 3,Supermarket Type3,2716.464
1342,FDG24,Low Fat,0.014653896,Baking Goods,82.425,OUT049,1999,Tier 1,Supermarket Type1,749.025
1343,NCK30,Low Fat,0.061226969,Household,253.0698,OUT018,2009,Tier 3,Supermarket Type2,2283.0282
1344,FDH33,Low Fat,0.121972274,Snack Foods,43.1428,OUT045,2002,Tier 2,Supermarket Type1,703.0848
1345,FDS36,Regular,0.046960237,Baking Goods,111.857,OUT049,1999,Tier 1,Supermarket Type1,2966.139
1346,NCN18,LF,0.124967595,Household,112.7544,OUT045,2002,Tier 2,Supermarket Type1,3467.4864
1347,FDO19,Regular,0.016630303,Fruits and Vegetables,48.1034,OUT045,2002,Tier 2,Supermarket Type1,534.6374
1348,NCG06,Low Fat,0.029420857,Household,256.9646,OUT013,1987,Tier 3,Supermarket Type1,4637.9628
1349,FDX36,Regular,0.12848269,Baking Goods,223.9404,OUT049,1999,Tier 1,Supermarket Type1,4950.8888
1350,FDG41,Regular,0.076681143,Frozen Foods,110.7228,OUT049,1999,Tier 1,Supermarket Type1,1657.842
1351,FDY47,Regular,0.091195818,Breads,130.231,OUT010,1998,Tier 3,Grocery Store,129.831
1352,FDB15,Low Fat,0.228993134,Dairy,263.4568,OUT010,1998,Tier 3,Grocery Store,527.3136
1353,FDV33,Regular,0.027399064,Snack Foods,258.3304,OUT045,2002,Tier 2,Supermarket Type1,4133.2864
1354,FDU52,Low Fat,0.111654545,Frozen Foods,157.063,OUT019,1985,Tier 1,Grocery Store,312.926
1355,NCG55,Low Fat,0.0,Household,115.2176,OUT017,2007,Tier 2,Supermarket Type1,3206.4928
1356,FDG12,Regular,0.006351876,Baking Goods,120.3098,OUT018,2009,Tier 3,Supermarket Type2,1446.1176
1357,FDG32,LF,0.175995526,Fruits and Vegetables,224.0772,OUT046,1997,Tier 1,Supermarket Type1,1556.6404
1358,FDM25,Regular,0.060371962,Breakfast,174.0712,OUT027,1985,Tier 3,Supermarket Type3,3866.9664
1359,FDW24,Low Fat,0.037555348,Baking Goods,49.6034,OUT049,1999,Tier 1,Supermarket Type1,972.068
1360,FDT40,Low Fat,0.0,Frozen Foods,125.2678,OUT035,2004,Tier 2,Supermarket Type1,1017.3424
1361,FDD36,LF,0.021306635,Baking Goods,119.8124,OUT049,1999,Tier 1,Supermarket Type1,1896.1984
1362,FDU28,Regular,0.09391835,Frozen Foods,189.8214,OUT046,1997,Tier 1,Supermarket Type1,942.107
1363,FDA38,Low Fat,0.04461205,Dairy,241.1538,OUT019,1985,Tier 1,Grocery Store,480.7076
1364,FDH32,Low Fat,0.076369874,Fruits and Vegetables,97.241,OUT018,2009,Tier 3,Supermarket Type2,1448.115
1365,FDU44,Regular,0.058142797,Fruits and Vegetables,162.1552,OUT027,1985,Tier 3,Supermarket Type3,3086.6488
1366,FDJ04,Low Fat,0.124348482,Frozen Foods,118.3124,OUT013,1987,Tier 3,Supermarket Type1,948.0992
1367,FDZ37,Regular,0.0,Canned,88.5198,OUT013,1987,Tier 3,Supermarket Type1,261.6594
1368,FDF38,Regular,0.02633607,Canned,40.6138,OUT013,1987,Tier 3,Supermarket Type1,406.138
1369,FDY24,Regular,0.134037,Baking Goods,53.3298,OUT018,2009,Tier 3,Supermarket Type2,539.298
1370,FDG50,Low Fat,0.015271793,Canned,89.9146,OUT046,1997,Tier 1,Supermarket Type1,1550.6482
1371,FDI56,Low Fat,0.093913607,Fruits and Vegetables,93.2146,OUT017,2007,Tier 2,Supermarket Type1,1733.0774
1372,NCE19,Low Fat,0.162856593,Household,54.5956,OUT019,1985,Tier 1,Grocery Store,218.3824
1373,FDP08,Regular,0.112638016,Fruits and Vegetables,195.5478,OUT045,2002,Tier 2,Supermarket Type1,3874.956
1374,FDD29,Low Fat,0.018407033,Frozen Foods,254.7698,OUT035,2004,Tier 2,Supermarket Type1,5834.4054
1375,NCY17,Low Fat,0.163096139,Health and Hygiene,43.0086,OUT046,1997,Tier 1,Supermarket Type1,758.3462
1376,FDL34,Low Fat,0.041177505,Snack Foods,142.3496,OUT017,2007,Tier 2,Supermarket Type1,3246.4408
1377,FDM39,Low Fat,0.053211728,Dairy,177.6002,OUT027,1985,Tier 3,Supermarket Type3,8417.7094
1378,FDW50,Low Fat,0.075731322,Dairy,167.5158,OUT045,2002,Tier 2,Supermarket Type1,1504.0422
1379,NCU29,Low Fat,0.025354072,Health and Hygiene,144.476,OUT027,1985,Tier 3,Supermarket Type3,3661.9
1380,FDJ22,low fat,0.052766297,Snack Foods,189.7504,OUT013,1987,Tier 3,Supermarket Type1,2492.7552
1381,FDH09,Low Fat,0.055806016,Seafood,52.4982,OUT027,1985,Tier 3,Supermarket Type3,1209.7586
1382,DRC25,Low Fat,0.045371855,Soft Drinks,86.0882,OUT046,1997,Tier 1,Supermarket Type1,1116.5466
1383,NCW41,Low Fat,0.015447454,Health and Hygiene,159.2604,OUT035,2004,Tier 2,Supermarket Type1,3961.51
1384,NCD18,Low Fat,0.072608647,Household,228.3668,OUT013,1987,Tier 3,Supermarket Type1,5298.4364
1385,DRE03,Low Fat,0.024325592,Dairy,48.5718,OUT018,2009,Tier 3,Supermarket Type2,425.4462
1386,FDZ08,Regular,0.110163385,Fruits and Vegetables,83.6592,OUT049,1999,Tier 1,Supermarket Type1,1320.9472
1387,FDX58,Low Fat,0.043831721,Snack Foods,184.195,OUT049,1999,Tier 1,Supermarket Type1,2746.425
1388,FDN25,Regular,0.061124626,Breakfast,58.5588,OUT013,1987,Tier 3,Supermarket Type1,171.7764
1389,FDJ45,Low Fat,0.128532558,Seafood,34.2216,OUT019,1985,Tier 1,Grocery Store,173.108
1390,FDL36,Low Fat,0.076505799,Baking Goods,91.583,OUT017,2007,Tier 2,Supermarket Type1,539.298
1391,NCN42,Low Fat,0.014153743,Household,145.6418,OUT027,1985,Tier 3,Supermarket Type3,3825.6868
1392,FDY44,Regular,0.024503972,Fruits and Vegetables,195.111,OUT018,2009,Tier 3,Supermarket Type2,982.055
1393,NCN30,Low Fat,0.017062427,Household,98.141,OUT018,2009,Tier 3,Supermarket Type2,1544.656
1394,FDB03,Regular,0.156831826,Dairy,241.0538,OUT046,1997,Tier 1,Supermarket Type1,1201.769
1395,FDX56,Regular,0.07436116,Fruits and Vegetables,206.1638,OUT018,2009,Tier 3,Supermarket Type2,4141.276
1396,FDJ41,Low Fat,0.022976497,Frozen Foods,261.6594,OUT018,2009,Tier 3,Supermarket Type2,3401.5722
1397,FDM56,Low Fat,0.0,Fruits and Vegetables,109.1912,OUT018,2009,Tier 3,Supermarket Type2,545.956
1398,FDB45,Low Fat,0.021312043,Fruits and Vegetables,104.9306,OUT013,1987,Tier 3,Supermarket Type1,2299.6732
1399,FDB57,Regular,0.01871404,Fruits and Vegetables,223.4772,OUT027,1985,Tier 3,Supermarket Type3,7116.0704
1400,FDY50,LF,0.131489269,Dairy,89.7172,OUT018,2009,Tier 3,Supermarket Type2,1605.9096
1401,FDR19,Regular,0.159720671,Fruits and Vegetables,147.6102,OUT046,1997,Tier 1,Supermarket Type1,4082.6856
1402,DRQ35,Low Fat,0.042357203,Hard Drinks,123.2388,OUT049,1999,Tier 1,Supermarket Type1,1857.582
1403,FDH26,Regular,0.034693175,Canned,140.1496,OUT035,2004,Tier 2,Supermarket Type1,1552.6456
1404,FDW09,Regular,0.026067434,Snack Foods,78.8302,OUT017,2007,Tier 2,Supermarket Type1,713.0718
1405,FDW27,Regular,0.264124669,Meat,155.7314,OUT019,1985,Tier 1,Grocery Store,155.1314
1406,FDO13,Low Fat,0.061154604,Breakfast,165.3526,OUT049,1999,Tier 1,Supermarket Type1,1151.1682
1407,FDX40,Low Fat,0.165694219,Frozen Foods,39.7164,OUT010,1998,Tier 3,Grocery Store,231.6984
1408,FDR48,Low Fat,0.220111117,Baking Goods,153.0024,OUT010,1998,Tier 3,Grocery Store,455.4072
1409,FDW15,Regular,0.055067732,Meat,146.5734,OUT013,1987,Tier 3,Supermarket Type1,2375.5744
1410,NCE06,Low Fat,0.091042211,Household,162.6894,OUT027,1985,Tier 3,Supermarket Type3,2588.6304
1411,NCR06,Low Fat,0.00676387,Household,40.8112,OUT035,2004,Tier 2,Supermarket Type1,553.9456
1412,FDY31,Low Fat,0.043526599,Fruits and Vegetables,148.4418,OUT013,1987,Tier 3,Supermarket Type1,2354.2688
1413,FDW19,Regular,0.038560279,Fruits and Vegetables,109.857,OUT049,1999,Tier 1,Supermarket Type1,1208.427
1414,FDA02,Regular,0.029578726,Dairy,143.5786,OUT027,1985,Tier 3,Supermarket Type3,3756.4436
1415,DRB13,Regular,0.007038478,Soft Drinks,189.253,OUT013,1987,Tier 3,Supermarket Type1,3605.307
1416,FDI38,Regular,0.024482433,Canned,205.7638,OUT010,1998,Tier 3,Grocery Store,621.1914
1417,FDS11,Regular,0.055548003,Breads,225.3088,OUT035,2004,Tier 2,Supermarket Type1,5816.4288
1418,DRE12,Low Fat,0.070780558,Soft Drinks,114.586,OUT046,1997,Tier 1,Supermarket Type1,1245.046
1419,DRH25,Low Fat,0.014522363,Soft Drinks,50.2324,OUT027,1985,Tier 3,Supermarket Type3,1298.31
1420,FDK55,Low Fat,0.045105407,Meat,89.4172,OUT019,1985,Tier 1,Grocery Store,178.4344
1421,FDW22,Regular,0.030143704,Snack Foods,222.0114,OUT027,1985,Tier 3,Supermarket Type3,6207.9192
1422,FDJ57,Regular,0.021695674,Seafood,185.3582,OUT017,2007,Tier 2,Supermarket Type1,3715.164
1423,NCQ42,Low Fat,0.039329257,Household,127.6678,OUT049,1999,Tier 1,Supermarket Type1,2924.8594
1424,FDD59,Regular,0.0,Starchy Foods,78.296,OUT046,1997,Tier 1,Supermarket Type1,1438.128
1425,FDE56,Regular,0.278730642,Fruits and Vegetables,63.2194,OUT019,1985,Tier 1,Grocery Store,247.6776
1426,FDS46,Regular,0.047257328,Snack Foods,119.6782,OUT046,1997,Tier 1,Supermarket Type1,2145.2076
1427,FDS45,Regular,0.029662795,Snack Foods,105.2622,OUT017,2007,Tier 2,Supermarket Type1,2328.9684
1428,FDX33,Regular,0.117387066,Snack Foods,160.2578,OUT013,1987,Tier 3,Supermarket Type1,4492.8184
1429,FDY03,Regular,0.076121831,Meat,111.7202,OUT046,1997,Tier 1,Supermarket Type1,1125.202
1430,FDC29,Regular,0.024088444,Frozen Foods,112.7176,OUT027,1985,Tier 3,Supermarket Type3,1832.2816
1431,DRJ37,Low Fat,0.061101383,Soft Drinks,151.9024,OUT046,1997,Tier 1,Supermarket Type1,2580.6408
1432,NCN41,Low Fat,0.052209303,Health and Hygiene,122.373,OUT046,1997,Tier 1,Supermarket Type1,2586.633
1433,FDX34,Low Fat,0.071971918,Snack Foods,121.3098,OUT035,2004,Tier 2,Supermarket Type1,4820.392
1434,FDE16,Low Fat,0.046124444,Frozen Foods,206.7954,OUT019,1985,Tier 1,Grocery Store,833.5816
1435,FDV01,Regular,0.142189843,Canned,153.8314,OUT010,1998,Tier 3,Grocery Store,155.1314
1436,DRH13,Low Fat,0.041821227,Soft Drinks,107.628,OUT019,1985,Tier 1,Grocery Store,213.056
1437,FDZ21,Regular,0.039189221,Snack Foods,97.341,OUT013,1987,Tier 3,Supermarket Type1,965.41
1438,FDG17,Regular,0.036042939,Frozen Foods,244.4486,OUT017,2007,Tier 2,Supermarket Type1,4153.9262
1439,FDE53,Low Fat,0.044991876,Frozen Foods,107.228,OUT010,1998,Tier 3,Grocery Store,426.112
1440,FDK03,Regular,0.073562475,Dairy,254.9356,OUT027,1985,Tier 3,Supermarket Type3,8138.7392
1441,FDU12,Regular,0.075384242,Baking Goods,262.7568,OUT027,1985,Tier 3,Supermarket Type3,7646.0472
1442,NCC18,Low Fat,0.177992139,Household,173.1422,OUT018,2009,Tier 3,Supermarket Type2,2931.5174
1443,FDK22,Low Fat,0.025960174,Snack Foods,214.885,OUT027,1985,Tier 3,Supermarket Type3,4976.855
1444,FDT08,Low Fat,0.049496899,Fruits and Vegetables,151.505,OUT017,2007,Tier 2,Supermarket Type1,2846.295
1445,FDV39,Low Fat,0.007278512,Meat,196.7426,OUT035,2004,Tier 2,Supermarket Type1,2768.3964
1446,FDS33,Regular,0.12367891,Snack Foods,88.9514,OUT045,2002,Tier 2,Supermarket Type1,885.514
1447,FDQ44,Low Fat,0.036287517,Fruits and Vegetables,121.2756,OUT018,2009,Tier 3,Supermarket Type2,2181.1608
1448,FDK21,Low Fat,0.010053105,Snack Foods,249.0408,OUT018,2009,Tier 3,Supermarket Type2,6258.52
1449,DRE49,LF,0.021250002,Soft Drinks,150.5024,OUT046,1997,Tier 1,Supermarket Type1,2580.6408
1450,FDK27,Low Fat,0.008944844,Meat,122.3756,OUT035,2004,Tier 2,Supermarket Type1,2059.9852
1451,FDU34,Low Fat,0.07518071,Snack Foods,126.2046,OUT035,2004,Tier 2,Supermarket Type1,1618.5598
1452,FDV60,Regular,0.0,Baking Goods,197.211,OUT013,1987,Tier 3,Supermarket Type1,3535.398
1453,FDT25,Low Fat,0.050957715,Canned,122.4072,OUT018,2009,Tier 3,Supermarket Type2,2572.6512
1454,FDX08,Low Fat,0.022604051,Fruits and Vegetables,181.4318,OUT046,1997,Tier 1,Supermarket Type1,3428.2042
1455,NCL17,Low Fat,0.067766896,Health and Hygiene,140.6812,OUT035,2004,Tier 2,Supermarket Type1,3704.5112
1456,DRI49,Low Fat,0.183879453,Soft Drinks,82.9276,OUT045,2002,Tier 2,Supermarket Type1,1705.7796
1457,FDG31,Low Fat,0.037889224,Meat,64.7826,OUT035,2004,Tier 2,Supermarket Type1,904.1564
1458,FDM58,Regular,0.079690403,Snack Foods,113.4544,OUT046,1997,Tier 1,Supermarket Type1,2908.2144
1459,FDR19,Regular,0.159587755,Fruits and Vegetables,145.3102,OUT013,1987,Tier 3,Supermarket Type1,729.051
1460,FDA20,Low Fat,0.066565644,Fruits and Vegetables,185.324,OUT013,1987,Tier 3,Supermarket Type1,3914.904
1461,FDF46,Low Fat,0.093861144,Snack Foods,115.5834,OUT045,2002,Tier 2,Supermarket Type1,1267.0174
1462,FDH50,Regular,0.162348584,Canned,185.9266,OUT017,2007,Tier 2,Supermarket Type1,4610.665
1463,FDH47,Regular,0.21561193,Starchy Foods,98.6068,OUT010,1998,Tier 3,Grocery Store,97.2068
1464,FDH22,Low Fat,0.136275173,Snack Foods,128.1678,OUT035,2004,Tier 2,Supermarket Type1,1017.3424
1465,NCH18,Low Fat,0.044843161,Household,246.1802,OUT018,2009,Tier 3,Supermarket Type2,2702.4822
1466,FDR02,Low Fat,0.022047313,Dairy,110.2886,OUT013,1987,Tier 3,Supermarket Type1,1890.2062
1467,DRC25,Low Fat,0.0,Soft Drinks,87.3882,OUT027,1985,Tier 3,Supermarket Type3,1374.2112
1468,DRC27,Low Fat,0.05843112,Dairy,243.6802,OUT017,2007,Tier 2,Supermarket Type1,1965.4416
1469,FDG47,Low Fat,0.06961884,Starchy Foods,260.3252,OUT046,1997,Tier 1,Supermarket Type1,8132.0812
1470,FDN28,Regular,0.030294931,Frozen Foods,104.099,OUT049,1999,Tier 1,Supermarket Type1,412.796
1471,DRM49,Regular,0.152813518,Soft Drinks,45.6086,OUT017,2007,Tier 2,Supermarket Type1,1025.9978
1472,FDK25,Regular,0.157718931,Breakfast,168.3474,OUT017,2007,Tier 2,Supermarket Type1,4548.0798
1473,FDZ01,Regular,0.009058845,Canned,103.399,OUT046,1997,Tier 1,Supermarket Type1,2579.975
1474,FDF46,Low Fat,0.094201018,Snack Foods,115.8834,OUT017,2007,Tier 2,Supermarket Type1,1036.6506
1475,DRD01,Regular,0.061299601,Soft Drinks,56.2614,OUT045,2002,Tier 2,Supermarket Type1,552.614
1476,DRM49,Regular,0.151925271,Soft Drinks,46.6086,OUT035,2004,Tier 2,Supermarket Type1,624.5204
1477,FDG12,Regular,0.006295472,Baking Goods,122.4098,OUT027,1985,Tier 3,Supermarket Type3,3735.8038
1478,FDY32,Low Fat,0.216323008,Fruits and Vegetables,165.021,OUT010,1998,Tier 3,Grocery Store,815.605
1479,NCY05,Low Fat,0.05510153,Health and Hygiene,37.0874,OUT045,2002,Tier 2,Supermarket Type1,952.7598
1480,FDY52,Low Fat,0.007363189,Frozen Foods,63.2536,OUT045,2002,Tier 2,Supermarket Type1,1225.072
1481,FDK36,Low Fat,0.007215314,Baking Goods,47.6034,OUT046,1997,Tier 1,Supermarket Type1,1458.102
1482,FDG08,Regular,0.165616415,Fruits and Vegetables,172.6764,OUT049,1999,Tier 1,Supermarket Type1,2061.3168
1483,DRD60,LF,0.037383778,Soft Drinks,179.7634,OUT018,2009,Tier 3,Supermarket Type2,1817.634
1484,FDT57,Low Fat,0.019142452,Snack Foods,237.5248,OUT017,2007,Tier 2,Supermarket Type1,3318.3472
1485,NCL30,Low Fat,0.048703432,Household,125.9336,OUT027,1985,Tier 3,Supermarket Type3,7158.6816
1486,FDX47,Regular,0.03443677,Breads,156.5288,OUT027,1985,Tier 3,Supermarket Type3,4870.9928
1487,DRP35,Low Fat,0.091008572,Hard Drinks,129.6336,OUT049,1999,Tier 1,Supermarket Type1,3195.84
1488,NCA54,Low Fat,0.036641597,Household,178.7318,OUT046,1997,Tier 1,Supermarket Type1,1263.0226
1489,NCL41,Low Fat,0.073077197,Health and Hygiene,34.3216,OUT019,1985,Tier 1,Grocery Store,34.6216
1490,NCN26,LF,0.028674471,Household,115.1808,OUT035,2004,Tier 2,Supermarket Type1,3866.9664
1491,FDX26,Low Fat,0.087791917,Dairy,180.6292,OUT035,2004,Tier 2,Supermarket Type1,3101.2964
1492,NCK07,Low Fat,0.048677482,Others,166.1526,OUT035,2004,Tier 2,Supermarket Type1,2466.789
1493,FDM15,Regular,0.057746382,Meat,152.4366,OUT017,2007,Tier 2,Supermarket Type1,3929.5516
1494,DRH23,Low Fat,0.170176516,Hard Drinks,55.2614,OUT013,1987,Tier 3,Supermarket Type1,718.3982
1495,FDS23,Low Fat,0.140889111,Breads,127.0994,OUT046,1997,Tier 1,Supermarket Type1,1927.491
1496,FDE59,Low Fat,0.062384659,Starchy Foods,34.6532,OUT049,1999,Tier 1,Supermarket Type1,719.064
1497,FDV22,Regular,0.009930514,Snack Foods,157.463,OUT013,1987,Tier 3,Supermarket Type1,2503.408
1498,FDN56,Regular,0.106968096,Fruits and Vegetables,142.6786,OUT013,1987,Tier 3,Supermarket Type1,2311.6576
1499,DRG51,Low Fat,0.019314961,Dairy,164.6526,OUT010,1998,Tier 3,Grocery Store,657.8104
1500,DRG37,LF,0.033929133,Soft Drinks,154.3972,OUT019,1985,Tier 1,Grocery Store,311.5944
1501,FDD05,Low Fat,0.029084548,Frozen Foods,122.0098,OUT019,1985,Tier 1,Grocery Store,361.5294
1502,FDL32,Regular,0.0,Fruits and Vegetables,112.4544,OUT013,1987,Tier 3,Supermarket Type1,1230.3984
1503,FDV52,Regular,0.121767168,Frozen Foods,118.9466,OUT045,2002,Tier 2,Supermarket Type1,353.5398
1504,FDQ49,Regular,0.039057677,Breakfast,155.963,OUT027,1985,Tier 3,Supermarket Type3,3285.723
1505,NCA17,Low Fat,0.04551031,Health and Hygiene,149.6392,OUT045,2002,Tier 2,Supermarket Type1,894.8352
1506,DRN35,Low Fat,0.070234306,Hard Drinks,34.9532,OUT035,2004,Tier 2,Supermarket Type1,539.298
1507,FDV25,Low Fat,0.079931185,Canned,219.7456,OUT019,1985,Tier 1,Grocery Store,884.1824
1508,FDU58,Regular,0.028871235,Snack Foods,188.7898,OUT027,1985,Tier 3,Supermarket Type3,2057.9878
1509,DRK13,Low Fat,0.115346634,Soft Drinks,200.2084,OUT049,1999,Tier 1,Supermarket Type1,4563.3932
1510,NCU41,Low Fat,0.0520115,Health and Hygiene,190.3846,OUT013,1987,Tier 3,Supermarket Type1,3630.6074
1511,NCH07,Low Fat,0.09264951,Household,157.8604,OUT035,2004,Tier 2,Supermarket Type1,3803.0496
1512,FDZ47,Regular,0.079281476,Baking Goods,100.1042,OUT035,2004,Tier 2,Supermarket Type1,892.8378
1513,FDL48,Regular,0.08186804,Baking Goods,46.8034,OUT027,1985,Tier 3,Supermarket Type3,1069.2748
1514,FDX13,Low Fat,0.047879864,Canned,250.2092,OUT045,2002,Tier 2,Supermarket Type1,3984.1472
1515,FDJ28,Low Fat,0.036590807,Frozen Foods,193.3162,OUT010,1998,Tier 3,Grocery Store,192.4162
1516,FDS55,Low Fat,0.081096635,Fruits and Vegetables,148.4734,OUT013,1987,Tier 3,Supermarket Type1,3563.3616
1517,FDY55,Low Fat,0.081485126,Fruits and Vegetables,258.0988,OUT045,2002,Tier 2,Supermarket Type1,8994.958
1518,FDS31,Regular,0.044155597,Fruits and Vegetables,178.8318,OUT013,1987,Tier 3,Supermarket Type1,3969.4996
1519,FDO38,Low Fat,0.072952298,Canned,76.0986,OUT049,1999,Tier 1,Supermarket Type1,623.1888
1520,NCH54,Low Fat,0.127234249,Household,158.392,OUT019,1985,Tier 1,Grocery Store,159.792
1521,DRK35,Low Fat,0.125793938,Hard Drinks,36.2506,OUT019,1985,Tier 1,Grocery Store,37.9506
1522,NCV41,Low Fat,0.017065268,Health and Hygiene,109.5228,OUT049,1999,Tier 1,Supermarket Type1,1768.3648
1523,NCY18,Low Fat,0.03100078,Household,177.0054,OUT027,1985,Tier 3,Supermarket Type3,2101.2648
1524,FDX33,Regular,0.117667492,Snack Foods,159.5578,OUT049,1999,Tier 1,Supermarket Type1,1283.6624
1525,FDP32,Low Fat,0.087669485,Fruits and Vegetables,127.2678,OUT046,1997,Tier 1,Supermarket Type1,2416.1882
1526,FDF53,Regular,0.083536989,Frozen Foods,180.3318,OUT013,1987,Tier 3,Supermarket Type1,4149.9314
1527,FDF33,Low Fat,0.021579162,Seafood,105.9596,OUT045,2002,Tier 2,Supermarket Type1,2049.3324
1528,NCZ41,Low Fat,0.06478563,Health and Hygiene,123.7704,OUT017,2007,Tier 2,Supermarket Type1,2503.408
1529,NCV06,Low Fat,0.06705851,Household,194.0478,OUT017,2007,Tier 2,Supermarket Type1,3293.7126
1530,FDG60,Low Fat,0.060794097,Baking Goods,233.6616,OUT049,1999,Tier 1,Supermarket Type1,2577.9776
1531,DRJ47,Low Fat,0.04403602,Hard Drinks,173.308,OUT027,1985,Tier 3,Supermarket Type3,6751.212
1532,NCC42,Low Fat,0.044871033,Health and Hygiene,140.3838,OUT013,1987,Tier 3,Supermarket Type1,2528.7084
1533,NCH30,Low Fat,0.06725846,Household,115.186,OUT049,1999,Tier 1,Supermarket Type1,2490.092
1534,FDH57,Low Fat,0.059834024,Fruits and Vegetables,133.5284,OUT010,1998,Tier 3,Grocery Store,263.6568
1535,FDI35,Low Fat,0.041355366,Starchy Foods,182.0634,OUT049,1999,Tier 1,Supermarket Type1,4544.085
1536,FDQ14,Low Fat,0.062038986,Dairy,148.005,OUT018,2009,Tier 3,Supermarket Type2,1797.66
1537,FDX45,Low Fat,0.104348025,Snack Foods,156.263,OUT027,1985,Tier 3,Supermarket Type3,4850.353
1538,NCL54,Low Fat,0.083221904,Household,174.5054,OUT017,2007,Tier 2,Supermarket Type1,2626.581
1539,FDR21,LF,0.066879757,Snack Foods,174.437,OUT013,1987,Tier 3,Supermarket Type1,1587.933
1540,FDY57,Regular,0.121500143,Snack Foods,95.0752,OUT045,2002,Tier 2,Supermarket Type1,2588.6304
1541,DRI25,Low Fat,0.056744064,Soft Drinks,55.6614,OUT010,1998,Tier 3,Grocery Store,165.7842
1542,FDK58,Regular,0.045165796,Snack Foods,100.0016,OUT018,2009,Tier 3,Supermarket Type2,1012.016
1543,NCM53,Low Fat,0.052040915,Health and Hygiene,105.728,OUT046,1997,Tier 1,Supermarket Type1,2024.032
1544,FDE41,reg,0.0,Frozen Foods,83.7566,OUT019,1985,Tier 1,Grocery Store,253.6698
1545,NCL07,Low Fat,0.0311868,Others,39.548,OUT027,1985,Tier 3,Supermarket Type3,759.012
1546,FDQ44,Low Fat,0.036110222,Fruits and Vegetables,120.1756,OUT013,1987,Tier 3,Supermarket Type1,2059.9852
1547,FDQ45,Regular,0.010864186,Snack Foods,185.3608,OUT027,1985,Tier 3,Supermarket Type3,5329.0632
1548,FDZ08,Regular,0.0,Fruits and Vegetables,80.8592,OUT010,1998,Tier 3,Grocery Store,82.5592
1549,FDY11,Regular,0.029560451,Baking Goods,65.8142,OUT046,1997,Tier 1,Supermarket Type1,856.8846
1550,FDV45,low fat,0.045230944,Snack Foods,187.9556,OUT018,2009,Tier 3,Supermarket Type2,4693.89
1551,FDU51,Regular,0.096433359,Meat,178.5028,OUT013,1987,Tier 3,Supermarket Type1,4604.6728
1552,FDU35,low fat,0.0,Breads,99.87,OUT045,2002,Tier 2,Supermarket Type1,1498.05
1553,DRQ35,Low Fat,0.042283454,Hard Drinks,125.4388,OUT035,2004,Tier 2,Supermarket Type1,3715.164
1554,FDA04,Regular,0.066865326,Frozen Foods,260.1962,OUT045,2002,Tier 2,Supermarket Type1,2848.9582
1555,FDG12,Regular,0.0,Baking Goods,121.3098,OUT045,2002,Tier 2,Supermarket Type1,2530.7058
1556,FDC11,Low Fat,0.141674844,Starchy Foods,90.7172,OUT013,1987,Tier 3,Supermarket Type1,1605.9096
1557,FDF57,Regular,0.058918844,Fruits and Vegetables,169.7448,OUT049,1999,Tier 1,Supermarket Type1,3238.4512
1558,FDP22,Regular,0.099692906,Snack Foods,50.9666,OUT017,2007,Tier 2,Supermarket Type1,717.7324
1559,FDH50,Regular,0.162093059,Canned,182.5266,OUT018,2009,Tier 3,Supermarket Type2,1290.9862
1560,FDS04,Regular,0.147492524,Frozen Foods,141.5838,OUT017,2007,Tier 2,Supermarket Type1,1685.8056
1561,DRI23,Low Fat,0.0,Hard Drinks,162.0578,OUT035,2004,Tier 2,Supermarket Type1,3209.156
1562,NCN55,LF,0.0,Others,242.3538,OUT035,2004,Tier 2,Supermarket Type1,5287.7836
1563,FDB21,Low Fat,0.148821808,Fruits and Vegetables,241.2854,OUT045,2002,Tier 2,Supermarket Type1,5317.0788
1564,FDW13,Low Fat,0.171383506,Canned,50.5324,OUT019,1985,Tier 1,Grocery Store,207.7296
1565,FDT34,Low Fat,0.174350275,Snack Foods,104.4964,OUT046,1997,Tier 1,Supermarket Type1,2419.5172
1566,NCZ54,Low Fat,0.0,Household,161.5552,OUT010,1998,Tier 3,Grocery Store,324.9104
1567,FDY28,Regular,0.0,Frozen Foods,214.3218,OUT035,2004,Tier 2,Supermarket Type1,4274.436
1568,FDE14,Regular,0.031573246,Canned,99.47,OUT018,2009,Tier 3,Supermarket Type2,299.61
1569,FDC45,Low Fat,0.136286138,Fruits and Vegetables,170.9106,OUT018,2009,Tier 3,Supermarket Type2,1197.7742
1570,FDL32,Regular,0.204984538,Fruits and Vegetables,111.0544,OUT010,1998,Tier 3,Grocery Store,223.7088
1571,FDX34,Low Fat,0.072097449,Snack Foods,119.3098,OUT049,1999,Tier 1,Supermarket Type1,1205.098
1572,NCD54,Low Fat,0.028984804,Household,146.1786,OUT013,1987,Tier 3,Supermarket Type1,3034.0506
1573,FDV26,Regular,0.07614605,Dairy,197.0794,OUT035,2004,Tier 2,Supermarket Type1,4681.9056
1574,FDX34,Low Fat,0.072278769,Snack Foods,120.6098,OUT018,2009,Tier 3,Supermarket Type2,1807.647
1575,FDS19,Regular,0.064307102,Fruits and Vegetables,77.3012,OUT049,1999,Tier 1,Supermarket Type1,1593.9252
1576,FDX33,Regular,0.116915909,Snack Foods,159.4578,OUT027,1985,Tier 3,Supermarket Type3,4974.1918
1577,FDP13,Regular,0.133673087,Canned,41.548,OUT027,1985,Tier 3,Supermarket Type3,918.804
1578,FDI46,Low Fat,0.073985248,Snack Foods,252.5724,OUT027,1985,Tier 3,Supermarket Type3,3271.7412
1579,FDT03,Low Fat,0.016735879,Meat,185.2608,OUT010,1998,Tier 3,Grocery Store,183.7608
1580,FDC21,Regular,0.043133816,Fruits and Vegetables,109.7254,OUT018,2009,Tier 3,Supermarket Type2,651.1524
1581,FDS02,Regular,0.255394896,Dairy,196.8794,OUT019,1985,Tier 1,Grocery Store,780.3176
1582,NCO18,Low Fat,0.024790707,Household,177.5686,OUT017,2007,Tier 2,Supermarket Type1,3910.9092
1583,NCM54,LF,0.051146565,Household,127.3678,OUT018,2009,Tier 3,Supermarket Type2,3306.3628
1584,FDV43,Low Fat,0.076483451,Fruits and Vegetables,43.4086,OUT027,1985,Tier 3,Supermarket Type3,847.5634
1585,DRF13,Low Fat,0.0,Soft Drinks,145.1444,OUT013,1987,Tier 3,Supermarket Type1,3338.3212
1586,FDS31,reg,0.044372393,Fruits and Vegetables,180.3318,OUT018,2009,Tier 3,Supermarket Type2,2886.9088
1587,FDG38,Regular,0.05272914,Canned,86.4224,OUT046,1997,Tier 1,Supermarket Type1,1022.6688
1588,FDP16,Low Fat,0.039454924,Frozen Foods,244.0802,OUT018,2009,Tier 3,Supermarket Type2,3193.8426
1589,NCK19,Low Fat,0.090390357,Others,192.1478,OUT013,1987,Tier 3,Supermarket Type1,2324.9736
1590,FDD23,Regular,0.048761223,Starchy Foods,186.5898,OUT049,1999,Tier 1,Supermarket Type1,5238.5144
1591,FDC44,Low Fat,0.172946916,Fruits and Vegetables,114.1518,OUT045,2002,Tier 2,Supermarket Type1,1821.6288
1592,FDC33,Regular,0.06893834,Fruits and Vegetables,196.4768,OUT046,1997,Tier 1,Supermarket Type1,2561.9984
1593,FDN01,LF,0.072693696,Breakfast,175.937,OUT018,2009,Tier 3,Supermarket Type2,529.311
1594,NCH55,Low Fat,0.058034349,Household,124.802,OUT010,1998,Tier 3,Grocery Store,253.004
1595,FDK20,Regular,0.04152307,Fruits and Vegetables,124.3072,OUT013,1987,Tier 3,Supermarket Type1,5022.7952
1596,FDR33,Low Fat,0.026843265,Snack Foods,109.757,OUT045,2002,Tier 2,Supermarket Type1,1208.427
1597,FDN32,Low Fat,0.015485016,Fruits and Vegetables,185.6266,OUT027,1985,Tier 3,Supermarket Type3,4979.5182
1598,FDG59,Low Fat,0.043410693,Starchy Foods,39.4164,OUT018,2009,Tier 3,Supermarket Type2,154.4656
1599,FDF05,Low Fat,0.026740767,Frozen Foods,261.291,OUT027,1985,Tier 3,Supermarket Type3,5522.811
1600,FDL34,Low Fat,0.040945898,Snack Foods,143.1496,OUT046,1997,Tier 1,Supermarket Type1,2258.3936
1601,FDQ48,Regular,0.034244601,Baking Goods,97.2726,OUT027,1985,Tier 3,Supermarket Type3,1957.452
1602,FDQ23,Low Fat,0.042941559,Breads,102.9332,OUT019,1985,Tier 1,Grocery Store,102.5332
1603,FDQ20,low fat,0.029640604,Fruits and Vegetables,40.8138,OUT027,1985,Tier 3,Supermarket Type3,1543.3244
1604,FDP09,LF,0.033883448,Snack Foods,213.2902,OUT035,2004,Tier 2,Supermarket Type1,4247.804
1605,FDA13,Low Fat,0.07867708,Canned,37.8506,OUT049,1999,Tier 1,Supermarket Type1,341.5554
1606,FDY11,reg,0.029680868,Baking Goods,65.0142,OUT018,2009,Tier 3,Supermarket Type2,856.8846
1607,FDL03,Regular,0.027233781,Meat,197.511,OUT017,2007,Tier 2,Supermarket Type1,982.055
1608,FDG53,Low Fat,0.045928229,Frozen Foods,138.118,OUT049,1999,Tier 1,Supermarket Type1,1957.452
1609,NCD19,Low Fat,0.013179388,Household,55.1614,OUT046,1997,Tier 1,Supermarket Type1,939.4438
1610,FDQ09,Low Fat,0.057850699,Snack Foods,113.2834,OUT027,1985,Tier 3,Supermarket Type3,4376.9692
1611,FDO57,Low Fat,0.108710162,Snack Foods,161.7578,OUT046,1997,Tier 1,Supermarket Type1,2888.2404
1612,FDU07,Low Fat,0.059846975,Fruits and Vegetables,150.1366,OUT046,1997,Tier 1,Supermarket Type1,1813.6392
1613,FDJ55,Regular,0.023626808,Meat,223.2404,OUT018,2009,Tier 3,Supermarket Type2,2475.4444
1614,NCX05,LF,0.097457483,Health and Hygiene,114.4492,OUT018,2009,Tier 3,Supermarket Type2,579.246
1615,FDP19,LF,0.290430317,Fruits and Vegetables,130.6652,OUT010,1998,Tier 3,Grocery Store,258.3304
1616,FDT49,Low Fat,0.15202235,Canned,106.628,OUT018,2009,Tier 3,Supermarket Type2,639.168
1617,FDJ10,Regular,0.129766301,Snack Foods,141.6838,OUT045,2002,Tier 2,Supermarket Type1,3231.1274
1618,FDM16,Regular,0.033692089,Frozen Foods,76.2354,OUT018,2009,Tier 3,Supermarket Type2,1279.0018
1619,FDB58,Regular,0.013572808,Snack Foods,143.2154,OUT017,2007,Tier 2,Supermarket Type1,1559.9694
1620,FDV25,low fat,0.045614252,Canned,221.5456,OUT013,1987,Tier 3,Supermarket Type1,6852.4136
1621,FDR13,Regular,0.028837829,Canned,117.8492,OUT018,2009,Tier 3,Supermarket Type2,1506.0396
1622,NCP30,Low Fat,0.032819637,Household,38.9822,OUT049,1999,Tier 1,Supermarket Type1,982.055
1623,NCL31,Low Fat,0.119698523,Others,143.047,OUT027,1985,Tier 3,Supermarket Type3,3578.675
1624,FDR13,Regular,0.028765486,Canned,115.3492,OUT049,1999,Tier 1,Supermarket Type1,1274.3412
1625,NCP30,Low Fat,0.032835147,Household,40.2822,OUT045,2002,Tier 2,Supermarket Type1,707.0796
1626,FDZ26,reg,0.143897558,Dairy,240.6222,OUT013,1987,Tier 3,Supermarket Type1,2868.2664
1627,FDI12,Regular,0.10039894,Baking Goods,89.6856,OUT046,1997,Tier 1,Supermarket Type1,878.856
1628,FDM14,Low Fat,0.01326146,Canned,108.0254,OUT035,2004,Tier 2,Supermarket Type1,759.6778
1629,FDT01,Regular,0.184454044,Canned,211.4902,OUT049,1999,Tier 1,Supermarket Type1,4035.4138
1630,FDR23,Low Fat,0.0,Breads,174.737,OUT017,2007,Tier 2,Supermarket Type1,2822.992
1631,FDR23,Low Fat,0.08139146,Breads,177.837,OUT027,1985,Tier 3,Supermarket Type3,6351.732
1632,FDV01,Regular,0.148737487,Canned,155.1314,OUT019,1985,Tier 1,Grocery Store,155.1314
1633,FDH02,Regular,0.020898691,Canned,92.2488,OUT017,2007,Tier 2,Supermarket Type1,814.9392
1634,FDU14,Low Fat,0.034746076,Dairy,248.275,OUT035,2004,Tier 2,Supermarket Type1,998.7
1635,FDX55,low fat,0.0552059,Fruits and Vegetables,219.4166,OUT046,1997,Tier 1,Supermarket Type1,6096.0648
1636,FDR60,Low Fat,0.130390458,Baking Goods,77.2328,OUT035,2004,Tier 2,Supermarket Type1,231.6984
1637,FDR19,Regular,0.160044589,Fruits and Vegetables,145.4102,OUT045,2002,Tier 2,Supermarket Type1,3499.4448
1638,FDP19,LF,0.173483253,Fruits and Vegetables,129.0652,OUT035,2004,Tier 2,Supermarket Type1,3487.4604
1639,NCK29,Low Fat,0.210511558,Health and Hygiene,121.373,OUT010,1998,Tier 3,Grocery Store,123.173
1640,FDT09,Regular,0.012332667,Snack Foods,130.0284,OUT017,2007,Tier 2,Supermarket Type1,3559.3668
1641,FDC35,Low Fat,0.122242847,Starchy Foods,207.5638,OUT027,1985,Tier 3,Supermarket Type3,4555.4036
1642,FDN15,Low Fat,0.016653022,Meat,139.518,OUT027,1985,Tier 3,Supermarket Type3,2936.178
1643,FDU60,Regular,0.100262068,Baking Goods,169.6132,OUT010,1998,Tier 3,Grocery Store,169.1132
1644,FDC14,Regular,0.072221801,Canned,43.6454,OUT019,1985,Tier 1,Grocery Store,125.8362
1645,FDM27,Regular,0.158715731,Meat,157.2946,OUT049,1999,Tier 1,Supermarket Type1,1577.946
1646,FDH46,Regular,0.041282286,Snack Foods,103.5332,OUT046,1997,Tier 1,Supermarket Type1,1230.3984
1647,FDR39,Low Fat,0.083799283,Meat,184.1292,OUT046,1997,Tier 1,Supermarket Type1,2189.1504
1648,FDQ33,Low Fat,0.0,Snack Foods,151.6708,OUT027,1985,Tier 3,Supermarket Type3,4815.0656
1649,FDE16,Low Fat,0.026216144,Frozen Foods,207.5954,OUT027,1985,Tier 3,Supermarket Type3,6668.6528
1650,FDO49,Regular,0.05787008,Breakfast,49.7008,OUT019,1985,Tier 1,Grocery Store,50.6008
1651,DRE13,Low Fat,0.027699863,Soft Drinks,87.9198,OUT035,2004,Tier 2,Supermarket Type1,1221.0772
1652,FDT20,Low Fat,0.041395445,Fruits and Vegetables,37.6164,OUT046,1997,Tier 1,Supermarket Type1,540.6296
1653,FDT52,Regular,0.047503318,Frozen Foods,244.6144,OUT049,1999,Tier 1,Supermarket Type1,3185.1872
1654,FDL28,Regular,0.063162608,Frozen Foods,228.6668,OUT035,2004,Tier 2,Supermarket Type1,3455.502
1655,FDM58,Regular,0.0,Snack Foods,110.0544,OUT049,1999,Tier 1,Supermarket Type1,2572.6512
1656,FDX31,Regular,0.014825605,Fruits and Vegetables,233.2958,OUT046,1997,Tier 1,Supermarket Type1,4206.5244
1657,FDN46,Regular,0.144924795,Snack Foods,100.8332,OUT045,2002,Tier 2,Supermarket Type1,1537.998
1658,NCE06,Low Fat,0.160178832,Household,160.2894,OUT019,1985,Tier 1,Grocery Store,323.5788
1659,FDE24,Low Fat,0.09384335,Baking Goods,142.3812,OUT018,2009,Tier 3,Supermarket Type2,1139.8496
1660,FDG44,Low Fat,0.102607233,Fruits and Vegetables,54.0298,OUT018,2009,Tier 3,Supermarket Type2,808.947
1661,FDP31,Regular,0.161474419,Fruits and Vegetables,62.9168,OUT035,2004,Tier 2,Supermarket Type1,1086.5856
1662,FDE23,Regular,0.053397642,Starchy Foods,46.706,OUT018,2009,Tier 3,Supermarket Type2,699.09
1663,NCZ17,Low Fat,0.079755214,Health and Hygiene,36.6506,OUT018,2009,Tier 3,Supermarket Type2,493.3578
1664,FDG44,Low Fat,0.178923163,Fruits and Vegetables,55.7298,OUT019,1985,Tier 1,Grocery Store,161.7894
1665,DRO35,Low Fat,0.034624104,Hard Drinks,115.0492,OUT049,1999,Tier 1,Supermarket Type1,4054.722
1666,FDO48,Regular,0.026840766,Baking Goods,219.8456,OUT046,1997,Tier 1,Supermarket Type1,4863.0032
1667,FDD20,LF,0.020714523,Fruits and Vegetables,124.2046,OUT046,1997,Tier 1,Supermarket Type1,2490.092
1668,NCL06,Low Fat,0.120624771,Household,261.7594,OUT010,1998,Tier 3,Grocery Store,523.3188
1669,DRH25,Low Fat,0.014622625,Soft Drinks,52.0324,OUT045,2002,Tier 2,Supermarket Type1,1090.5804
1670,FDO09,Regular,0.125274674,Snack Foods,262.191,OUT046,1997,Tier 1,Supermarket Type1,2366.919
1671,DRK12,Low Fat,0.042056944,Soft Drinks,31.89,OUT018,2009,Tier 3,Supermarket Type2,366.19
1672,FDE33,Regular,0.049916364,Fruits and Vegetables,80.2644,OUT017,2007,Tier 2,Supermarket Type1,942.7728
1673,DRJ39,Low Fat,0.036150153,Dairy,219.5482,OUT027,1985,Tier 3,Supermarket Type3,5695.2532
1674,FDC58,Low Fat,0.0,Snack Foods,45.7428,OUT027,1985,Tier 3,Supermarket Type3,615.1992
1675,FDD16,Low Fat,0.060847634,Frozen Foods,75.0696,OUT010,1998,Tier 3,Grocery Store,149.1392
1676,NCV42,Low Fat,0.052593952,Household,111.0228,OUT010,1998,Tier 3,Grocery Store,221.0456
1677,FDU23,Low Fat,0.021757269,Breads,165.0184,OUT049,1999,Tier 1,Supermarket Type1,3302.368
1678,FDZ01,Regular,0.009057132,Canned,104.099,OUT035,2004,Tier 2,Supermarket Type1,2476.776
1679,FDU27,Regular,0.17174348,Meat,48.8376,OUT049,1999,Tier 1,Supermarket Type1,1294.3152
1680,FDT24,reg,0.18614827,Baking Goods,78.2328,OUT049,1999,Tier 1,Supermarket Type1,1158.492
1681,NCK05,Low Fat,0.077389797,Health and Hygiene,60.8536,OUT013,1987,Tier 3,Supermarket Type1,1347.5792
1682,FDX43,LF,0.142732848,Fruits and Vegetables,167.95,OUT010,1998,Tier 3,Grocery Store,166.45
1683,FDQ46,Low Fat,0.10423592,Snack Foods,111.7544,OUT018,2009,Tier 3,Supermarket Type2,2460.7968
1684,FDR43,Low Fat,0.161355122,Fruits and Vegetables,38.319,OUT013,1987,Tier 3,Supermarket Type1,585.904
1685,FDP27,Low Fat,0.118872194,Meat,188.353,OUT027,1985,Tier 3,Supermarket Type3,5313.084
1686,FDM56,low fat,0.069851683,Fruits and Vegetables,110.9912,OUT027,1985,Tier 3,Supermarket Type3,1310.2944
1687,FDZ43,Regular,0.057047756,Fruits and Vegetables,240.4512,OUT035,2004,Tier 2,Supermarket Type1,7028.1848
1688,FDI04,Regular,0.072898645,Frozen Foods,198.1426,OUT035,2004,Tier 2,Supermarket Type1,1977.426
1689,FDF22,Low Fat,0.057062186,Snack Foods,212.0218,OUT018,2009,Tier 3,Supermarket Type2,2350.9398
1690,DRK23,Low Fat,0.072383777,Hard Drinks,251.504,OUT017,2007,Tier 2,Supermarket Type1,7084.112
1691,FDF59,Low Fat,0.071354774,Starchy Foods,125.702,OUT049,1999,Tier 1,Supermarket Type1,2530.04
1692,FDU51,Regular,0.096495426,Meat,175.6028,OUT035,2004,Tier 2,Supermarket Type1,3364.9532
1693,FDD03,Low Fat,0.079806266,Dairy,232.53,OUT046,1997,Tier 1,Supermarket Type1,699.09
1694,FDY14,LF,0.070149088,Dairy,264.5226,OUT049,1999,Tier 1,Supermarket Type1,3436.1938
1695,FDQ10,Low Fat,0.033314389,Snack Foods,171.6422,OUT018,2009,Tier 3,Supermarket Type2,3276.4018
1696,FDX36,Regular,0.128805815,Baking Goods,224.0404,OUT018,2009,Tier 3,Supermarket Type2,5851.0504
1697,FDE26,Low Fat,0.14897741,Canned,143.0786,OUT010,1998,Tier 3,Grocery Store,288.9572
1698,FDA02,Regular,0.029697925,Dairy,143.0786,OUT013,1987,Tier 3,Supermarket Type1,3178.5292
1699,FDS11,Regular,0.05587277,Breads,222.1088,OUT017,2007,Tier 2,Supermarket Type1,4026.7584
1700,FDA21,Low Fat,0.035930784,Snack Foods,184.4924,OUT013,1987,Tier 3,Supermarket Type1,9069.5276
1701,FDR46,Low Fat,0.139417654,Snack Foods,147.476,OUT046,1997,Tier 1,Supermarket Type1,2929.52
1702,DRF03,Low Fat,0.075836522,Dairy,40.2138,OUT010,1998,Tier 3,Grocery Store,81.2276
1703,FDS09,Regular,0.141975462,Snack Foods,49.6008,OUT019,1985,Tier 1,Grocery Store,50.6008
1704,FDC52,Regular,0.008296692,Dairy,150.6708,OUT045,2002,Tier 2,Supermarket Type1,2106.5912
1705,FDY44,Regular,0.024454052,Fruits and Vegetables,197.211,OUT045,2002,Tier 2,Supermarket Type1,3731.809
1706,FDW38,Regular,0.0,Dairy,55.8298,OUT035,2004,Tier 2,Supermarket Type1,485.3682
1707,NCM43,Low Fat,0.019459164,Others,161.621,OUT013,1987,Tier 3,Supermarket Type1,2120.573
1708,FDM45,Regular,0.088178053,Snack Foods,122.6756,OUT035,2004,Tier 2,Supermarket Type1,2302.3364
1709,NCM17,Low Fat,0.071076672,Health and Hygiene,44.9086,OUT013,1987,Tier 3,Supermarket Type1,802.9548
1710,FDL26,Low Fat,0.072838381,Canned,155.2972,OUT027,1985,Tier 3,Supermarket Type3,5141.3076
1711,FDZ52,Low Fat,0.100074524,Frozen Foods,110.2886,OUT046,1997,Tier 1,Supermarket Type1,778.3202
1712,FDZ12,Low Fat,0.172365428,Baking Goods,144.847,OUT010,1998,Tier 3,Grocery Store,572.588
1713,FDO09,Regular,0.124668026,Snack Foods,261.091,OUT027,1985,Tier 3,Supermarket Type3,5522.811
1714,FDY50,Low Fat,0.130955811,Dairy,90.3172,OUT046,1997,Tier 1,Supermarket Type1,1338.258
1715,NCR53,Low Fat,0.253947823,Health and Hygiene,223.8404,OUT019,1985,Tier 1,Grocery Store,675.1212
1716,FDZ13,Regular,0.153806271,Canned,51.335,OUT045,2002,Tier 2,Supermarket Type1,1198.44
1717,DRL01,Regular,0.077108099,Soft Drinks,232.8958,OUT013,1987,Tier 3,Supermarket Type1,5608.6992
1718,FDE23,Regular,0.053170949,Starchy Foods,45.606,OUT035,2004,Tier 2,Supermarket Type1,1724.422
1719,DRE60,Low Fat,0.159201868,Soft Drinks,226.072,OUT013,1987,Tier 3,Supermarket Type1,3621.952
1720,FDY26,Regular,0.051068365,Dairy,213.0244,OUT010,1998,Tier 3,Grocery Store,423.4488
1721,NCW54,Low Fat,0.096333029,Household,57.8588,OUT013,1987,Tier 3,Supermarket Type1,1145.176
1722,FDP49,Regular,0.068754395,Breakfast,54.5614,OUT027,1985,Tier 3,Supermarket Type3,1713.1034
1723,FDQ21,Low Fat,0.01945343,Snack Foods,120.8756,OUT049,1999,Tier 1,Supermarket Type1,1454.1072
1724,FDJ27,Regular,0.122123201,Meat,100.7674,OUT045,2002,Tier 2,Supermarket Type1,814.9392
1725,FDW34,Low Fat,0.0,Snack Foods,244.817,OUT035,2004,Tier 2,Supermarket Type1,4374.306
1726,NCH42,Low Fat,0.03674399,Household,231.201,OUT017,2007,Tier 2,Supermarket Type1,6201.927
1727,FDS19,Regular,0.107469819,Fruits and Vegetables,77.8012,OUT010,1998,Tier 3,Grocery Store,227.7036
1728,DRJ11,Low Fat,0.085075063,Hard Drinks,189.0872,OUT035,2004,Tier 2,Supermarket Type1,3970.8312
1729,FDE17,Regular,0.054410179,Frozen Foods,151.3366,OUT013,1987,Tier 3,Supermarket Type1,2720.4588
1730,FDB14,Regular,0.103142373,Canned,94.612,OUT018,2009,Tier 3,Supermarket Type2,652.484
1731,FDV51,Low Fat,0.032511818,Meat,165.0842,OUT013,1987,Tier 3,Supermarket Type1,994.7052
1732,FDK43,Low Fat,0.046994717,Meat,125.802,OUT019,1985,Tier 1,Grocery Store,253.004
1733,FDE04,Regular,0.018019662,Frozen Foods,181.566,OUT035,2004,Tier 2,Supermarket Type1,2876.256
1734,FDR21,Low Fat,0.067314073,Snack Foods,175.137,OUT017,2007,Tier 2,Supermarket Type1,2822.992
1735,FDU10,Regular,0.045653999,Snack Foods,35.6848,OUT013,1987,Tier 3,Supermarket Type1,633.8416
1736,FDY10,Low Fat,0.049067877,Snack Foods,115.6176,OUT046,1997,Tier 1,Supermarket Type1,2519.3872
1737,FDY35,Regular,0.015950066,Breads,47.7402,OUT027,1985,Tier 3,Supermarket Type3,1975.4286
1738,FDI07,reg,0.03382933,Meat,196.9426,OUT045,2002,Tier 2,Supermarket Type1,2768.3964
1739,FDJ34,Regular,0.094037241,Snack Foods,124.5704,OUT018,2009,Tier 3,Supermarket Type2,1001.3632
1740,NCF18,Low Fat,0.088908547,Household,192.8504,OUT013,1987,Tier 3,Supermarket Type1,2876.256
1741,FDY03,Regular,0.076276208,Meat,110.9202,OUT045,2002,Tier 2,Supermarket Type1,1687.803
1742,FDG33,Regular,0.245542627,Seafood,172.2764,OUT019,1985,Tier 1,Grocery Store,171.7764
1743,FDI15,Low Fat,0.141352562,Dairy,264.1884,OUT046,1997,Tier 1,Supermarket Type1,3179.8608
1744,NCU05,Low Fat,0.058827557,Health and Hygiene,80.8618,OUT049,1999,Tier 1,Supermarket Type1,1288.9888
1745,FDO12,Low Fat,0.054930533,Baking Goods,194.4452,OUT046,1997,Tier 1,Supermarket Type1,5089.3752
1746,NCO42,Low Fat,0.024705597,Household,145.1102,OUT045,2002,Tier 2,Supermarket Type1,1603.9122
1747,NCS05,Low Fat,0.021010687,Health and Hygiene,131.3942,OUT049,1999,Tier 1,Supermarket Type1,927.4594
1748,FDQ36,Regular,0.161875063,Baking Goods,35.6848,OUT045,2002,Tier 2,Supermarket Type1,335.5632
1749,FDI14,Low Fat,0.089859642,Canned,140.2496,OUT045,2002,Tier 2,Supermarket Type1,1693.7952
1750,FDF44,Regular,0.059820884,Fruits and Vegetables,130.3968,OUT049,1999,Tier 1,Supermarket Type1,3523.4136
1751,FDN04,Regular,0.014115626,Frozen Foods,178.5344,OUT045,2002,Tier 2,Supermarket Type1,3390.2536
1752,FDA03,Regular,0.045425939,Dairy,144.9102,OUT013,1987,Tier 3,Supermarket Type1,1895.5326
1753,DRF60,Low Fat,0.052149675,Soft Drinks,239.9564,OUT049,1999,Tier 1,Supermarket Type1,3813.7024
1754,NCG07,Low Fat,0.052608525,Household,191.253,OUT045,2002,Tier 2,Supermarket Type1,2656.542
1755,FDB58,reg,0.013485235,Snack Foods,140.0154,OUT013,1987,Tier 3,Supermarket Type1,3119.9388
1756,FDI28,Low Fat,0.026375082,Frozen Foods,79.6302,OUT045,2002,Tier 2,Supermarket Type1,792.302
1757,FDW49,Low Fat,0.082536604,Canned,177.2002,OUT035,2004,Tier 2,Supermarket Type1,2149.2024
1758,FDR23,Low Fat,0.143199389,Breads,175.837,OUT019,1985,Tier 1,Grocery Store,352.874
1759,DRJ01,Low Fat,0.115010655,Soft Drinks,161.5236,OUT035,2004,Tier 2,Supermarket Type1,1288.9888
1760,FDA20,Low Fat,0.066997921,Fruits and Vegetables,186.524,OUT017,2007,Tier 2,Supermarket Type1,2609.936
1761,FDC41,Low Fat,0.116347087,Frozen Foods,76.867,OUT027,1985,Tier 3,Supermarket Type3,2526.711
1762,FDU03,Regular,0.092095924,Meat,183.3292,OUT017,2007,Tier 2,Supermarket Type1,2006.7212
1763,FDV04,Regular,0.150319469,Frozen Foods,156.9288,OUT045,2002,Tier 2,Supermarket Type1,1571.288
1764,FDB37,Regular,0.022940826,Baking Goods,241.8538,OUT046,1997,Tier 1,Supermarket Type1,5768.4912
1765,DRK35,Low Fat,0.071992202,Hard Drinks,38.3506,OUT045,2002,Tier 2,Supermarket Type1,986.7156
1766,FDL12,Regular,0.212963193,Baking Goods,59.522,OUT019,1985,Tier 1,Grocery Store,299.61
1767,FDZ19,Low Fat,0.093002339,Fruits and Vegetables,177.7712,OUT027,1985,Tier 3,Supermarket Type3,4921.5936
1768,NCS29,LF,0.069208684,Health and Hygiene,264.0884,OUT027,1985,Tier 3,Supermarket Type3,4504.8028
1769,FDB05,Low Fat,0.083327693,Frozen Foods,247.2776,OUT049,1999,Tier 1,Supermarket Type1,5944.2624
1770,FDY10,Low Fat,0.048830264,Snack Foods,113.1176,OUT027,1985,Tier 3,Supermarket Type3,2404.8696
1771,FDM03,Low Fat,0.0,Meat,107.8938,OUT046,1997,Tier 1,Supermarket Type1,750.3566
1772,FDT02,LF,0.02429329,Dairy,33.4874,OUT018,2009,Tier 3,Supermarket Type2,105.8622
1773,FDN10,Low Fat,0.046115083,Snack Foods,120.2124,OUT035,2004,Tier 2,Supermarket Type1,1540.6612
1774,NCC07,Low Fat,0.023835164,Household,103.3964,OUT027,1985,Tier 3,Supermarket Type3,3050.6956
1775,FDP48,Regular,0.044023213,Baking Goods,183.095,OUT046,1997,Tier 1,Supermarket Type1,5492.85
1776,NCI54,LF,0.058827583,Household,110.4912,OUT019,1985,Tier 1,Grocery Store,436.7648
1777,FDS13,Low Fat,0.124402507,Canned,266.1884,OUT013,1987,Tier 3,Supermarket Type1,5299.768
1778,FDK41,Low Fat,0.127517605,Frozen Foods,86.0224,OUT035,2004,Tier 2,Supermarket Type1,1022.6688
1779,DRL47,Low Fat,0.0,Hard Drinks,125.9362,OUT049,1999,Tier 1,Supermarket Type1,1635.8706
1780,FDZ23,Regular,0.067175915,Baking Goods,187.124,OUT027,1985,Tier 3,Supermarket Type3,3728.48
1781,FDB05,Low Fat,0.08279545,Frozen Foods,245.8776,OUT027,1985,Tier 3,Supermarket Type3,4705.8744
1782,FDG52,Low Fat,0.065732883,Frozen Foods,45.7402,OUT049,1999,Tier 1,Supermarket Type1,780.9834
1783,FDB03,Regular,0.156701315,Dairy,240.7538,OUT013,1987,Tier 3,Supermarket Type1,4566.7222
1784,NCD42,Low Fat,0.0,Health and Hygiene,37.3506,OUT027,1985,Tier 3,Supermarket Type3,1024.6662
1785,FDY60,Regular,0.02624324,Baking Goods,143.8128,OUT027,1985,Tier 3,Supermarket Type3,4458.1968
1786,NCJ06,Low Fat,0.034623782,Household,118.9782,OUT013,1987,Tier 3,Supermarket Type1,1549.3166
1787,FDI04,reg,0.073060301,Frozen Foods,196.2426,OUT045,2002,Tier 2,Supermarket Type1,2570.6538
1788,FDQ28,Regular,0.060427062,Frozen Foods,153.5656,OUT046,1997,Tier 1,Supermarket Type1,3089.312
1789,FDM28,Low Fat,0.045203854,Frozen Foods,180.266,OUT046,1997,Tier 1,Supermarket Type1,1617.894
1790,DRG11,Low Fat,0.084008316,Hard Drinks,108.2596,OUT045,2002,Tier 2,Supermarket Type1,1186.4556
1791,FDP56,Low Fat,0.046747071,Fruits and Vegetables,49.9692,OUT017,2007,Tier 2,Supermarket Type1,837.5764
1792,FDF57,Regular,0.058827383,Fruits and Vegetables,172.2448,OUT046,1997,Tier 1,Supermarket Type1,2897.5616
1793,FDF34,Regular,0.013951504,Snack Foods,199.9084,OUT027,1985,Tier 3,Supermarket Type3,5753.8436
1794,FDX02,Low Fat,0.057049301,Dairy,225.9404,OUT035,2004,Tier 2,Supermarket Type1,1350.2424
1795,NCT54,Low Fat,0.120211747,Household,93.2094,OUT017,2007,Tier 2,Supermarket Type1,666.4658
1796,FDV52,Regular,0.12152072,Frozen Foods,118.0466,OUT046,1997,Tier 1,Supermarket Type1,1060.6194
1797,NCQ50,LF,0.034278798,Household,214.1218,OUT013,1987,Tier 3,Supermarket Type1,4488.1578
1798,FDY40,Regular,0.085834992,Frozen Foods,49.6692,OUT046,1997,Tier 1,Supermarket Type1,788.3072
1799,NCU42,Low Fat,0.019536981,Household,170.0474,OUT049,1999,Tier 1,Supermarket Type1,4211.185
1800,FDR12,Regular,0.055213281,Baking Goods,172.4764,OUT019,1985,Tier 1,Grocery Store,687.1056
1801,FDX13,Low Fat,0.047743195,Canned,248.3092,OUT013,1987,Tier 3,Supermarket Type1,6474.2392
1802,FDH26,Regular,0.034753686,Canned,141.5496,OUT049,1999,Tier 1,Supermarket Type1,1976.0944
1803,FDS26,Low Fat,0.089035961,Dairy,260.5594,OUT027,1985,Tier 3,Supermarket Type3,9158.079
1804,FDU19,Regular,0.046544984,Fruits and Vegetables,172.0422,OUT027,1985,Tier 3,Supermarket Type3,4828.3816
1805,FDI52,Low Fat,0.10527024,Frozen Foods,122.9072,OUT017,2007,Tier 2,Supermarket Type1,490.0288
1806,FDV38,Low Fat,0.102188428,Dairy,54.3956,OUT018,2009,Tier 3,Supermarket Type2,1201.1032
1807,FDD14,Low Fat,0.169667145,Canned,183.5266,OUT013,1987,Tier 3,Supermarket Type1,4426.2384
1808,FDZ26,Regular,0.144832027,Dairy,239.8222,OUT017,2007,Tier 2,Supermarket Type1,4063.3774
1809,DRC49,Low Fat,0.065424208,Soft Drinks,145.8128,OUT035,2004,Tier 2,Supermarket Type1,2444.8176
1810,NCM29,Low Fat,0.017638893,Health and Hygiene,132.7626,OUT035,2004,Tier 2,Supermarket Type1,2885.5772
1811,FDO23,Low Fat,0.147023834,Breads,93.7436,OUT018,2009,Tier 3,Supermarket Type2,1134.5232
1812,FDR40,Regular,0.008046878,Frozen Foods,78.7618,OUT049,1999,Tier 1,Supermarket Type1,402.809
1813,NCM07,Low Fat,0.03976832,Others,83.9908,OUT027,1985,Tier 3,Supermarket Type3,2348.9424
1814,FDC02,Low Fat,0.068822477,Canned,258.3278,OUT046,1997,Tier 1,Supermarket Type1,7028.8506
1815,NCZ30,LF,0.026058181,Household,121.9098,OUT027,1985,Tier 3,Supermarket Type3,3374.2744
1816,NCH43,Low Fat,0.070555571,Household,216.0192,OUT035,2004,Tier 2,Supermarket Type1,2372.9112
1817,DRD37,Low Fat,0.013841737,Soft Drinks,45.206,OUT046,1997,Tier 1,Supermarket Type1,1211.756
1818,FDF52,Low Fat,0.066459891,Frozen Foods,184.2292,OUT027,1985,Tier 3,Supermarket Type3,4560.73
1819,FDU13,Low Fat,0.0,Canned,145.6418,OUT013,1987,Tier 3,Supermarket Type1,3384.2614
1820,FDY04,Regular,0.042716709,Frozen Foods,163.221,OUT017,2007,Tier 2,Supermarket Type1,1794.331
1821,FDG31,Low Fat,0.037955309,Meat,62.8826,OUT049,1999,Tier 1,Supermarket Type1,710.4086
1822,FDX47,Regular,0.034575546,Breads,156.5288,OUT013,1987,Tier 3,Supermarket Type1,1571.288
1823,FDV03,Low Fat,0.058181585,Meat,154.4314,OUT049,1999,Tier 1,Supermarket Type1,2326.971
1824,FDH33,Low Fat,0.0,Snack Foods,44.1428,OUT027,1985,Tier 3,Supermarket Type3,1362.2268
1825,FDF22,Low Fat,0.056819936,Snack Foods,212.6218,OUT035,2004,Tier 2,Supermarket Type1,2137.218
1826,FDT37,Low Fat,0.03546967,Canned,256.3014,OUT017,2007,Tier 2,Supermarket Type1,4845.0266
1827,FDN40,Low Fat,0.0,Frozen Foods,154.2998,OUT046,1997,Tier 1,Supermarket Type1,1999.3974
1828,FDK45,Low Fat,0.033926852,Seafood,111.586,OUT045,2002,Tier 2,Supermarket Type1,3395.58
1829,FDK15,Low Fat,0.172309903,Meat,98.2042,OUT019,1985,Tier 1,Grocery Store,198.4084
1830,FDJ27,Regular,0.122565413,Meat,103.8674,OUT017,2007,Tier 2,Supermarket Type1,1528.011
1831,DRJ25,Low Fat,0.150872868,Soft Drinks,47.5692,OUT045,2002,Tier 2,Supermarket Type1,1379.5376
1832,DRC36,Regular,0.045239326,Soft Drinks,174.1054,OUT017,2007,Tier 2,Supermarket Type1,4377.635
1833,FDT31,Low Fat,0.012448294,Fruits and Vegetables,188.2872,OUT046,1997,Tier 1,Supermarket Type1,2647.2208
1834,FDT10,Regular,0.103849783,Snack Foods,58.8562,OUT010,1998,Tier 3,Grocery Store,59.2562
1835,NCE31,Low Fat,0.184843579,Household,33.1216,OUT046,1997,Tier 1,Supermarket Type1,727.0536
1836,FDJ58,Regular,0.104786172,Snack Foods,172.2764,OUT027,1985,Tier 3,Supermarket Type3,1545.9876
1837,FDY58,Low Fat,0.040081193,Snack Foods,227.0694,OUT018,2009,Tier 3,Supermarket Type2,1141.847
1838,FDE02,Low Fat,0.121936216,Canned,94.4778,OUT017,2007,Tier 2,Supermarket Type1,2628.5784
1839,FDF45,Regular,0.012223687,Fruits and Vegetables,57.1904,OUT049,1999,Tier 1,Supermarket Type1,1640.5312
1840,FDE26,Low Fat,0.089144149,Canned,144.9786,OUT049,1999,Tier 1,Supermarket Type1,1011.3502
1841,NCU41,Low Fat,0.05213575,Health and Hygiene,190.1846,OUT049,1999,Tier 1,Supermarket Type1,6687.961
1842,NCD54,low fat,0.029054046,Household,144.6786,OUT049,1999,Tier 1,Supermarket Type1,2889.572
1843,NCN26,Low Fat,0.028738058,Household,117.1808,OUT045,2002,Tier 2,Supermarket Type1,703.0848
1844,FDO39,Regular,0.137645467,Meat,185.2608,OUT045,2002,Tier 2,Supermarket Type1,2940.1728
1845,FDM15,Regular,0.057538034,Meat,149.8366,OUT045,2002,Tier 2,Supermarket Type1,1662.5026
1846,FDL58,Regular,0.07429945,Snack Foods,264.9568,OUT045,2002,Tier 2,Supermarket Type1,1845.5976
1847,FDZ39,Regular,0.018024769,Meat,104.499,OUT046,1997,Tier 1,Supermarket Type1,1031.99
1848,DRM59,Low Fat,0.003589104,Hard Drinks,155.5998,OUT013,1987,Tier 3,Supermarket Type1,1691.7978
1849,NCM55,Low Fat,0.066829875,Others,185.5924,OUT049,1999,Tier 1,Supermarket Type1,3146.5708
1850,FDS23,Low Fat,0.141108156,Breads,128.2994,OUT049,1999,Tier 1,Supermarket Type1,2698.4874
1851,DRB48,Regular,0.041599644,Soft Drinks,40.9822,OUT010,1998,Tier 3,Grocery Store,157.1288
1852,FDT56,Regular,0.116063284,Fruits and Vegetables,59.1246,OUT018,2009,Tier 3,Supermarket Type2,753.0198
1853,NCK17,Low Fat,0.037971697,Health and Hygiene,38.948,OUT045,2002,Tier 2,Supermarket Type1,519.324
1854,FDT21,Low Fat,0.020391845,Snack Foods,248.9092,OUT046,1997,Tier 1,Supermarket Type1,2241.0828
1855,NCF42,Low Fat,0.167383061,Household,175.6712,OUT046,1997,Tier 1,Supermarket Type1,2812.3392
1856,NCZ30,Low Fat,0.026238087,Household,121.6098,OUT045,2002,Tier 2,Supermarket Type1,2410.196
1857,DRH37,Low Fat,0.041851756,Soft Drinks,162.7526,OUT017,2007,Tier 2,Supermarket Type1,3124.5994
1858,NCP06,Low Fat,0.039055756,Household,152.3366,OUT027,1985,Tier 3,Supermarket Type3,2115.9124
1859,FDJ60,Regular,0.062528426,Baking Goods,166.9184,OUT046,1997,Tier 1,Supermarket Type1,3302.368
1860,NCG43,Low Fat,0.129983688,Household,93.0462,OUT019,1985,Tier 1,Grocery Store,185.0924
1861,FDM02,Regular,0.073721115,Canned,85.6198,OUT035,2004,Tier 2,Supermarket Type1,610.5386
1862,NCD54,Low Fat,0.050790917,Household,142.7786,OUT019,1985,Tier 1,Grocery Store,144.4786
1863,FDZ60,Low Fat,0.118783796,Baking Goods,108.5596,OUT027,1985,Tier 3,Supermarket Type3,1725.7536
1864,NCV41,Low Fat,0.017073332,Health and Hygiene,109.5228,OUT045,2002,Tier 2,Supermarket Type1,1657.842
1865,DRI01,Low Fat,0.034647829,Soft Drinks,171.2422,OUT017,2007,Tier 2,Supermarket Type1,3103.9596
1866,NCJ30,LF,0.080249973,Household,168.679,OUT027,1985,Tier 3,Supermarket Type3,4923.591
1867,FDI22,Low Fat,0.096212432,Snack Foods,207.2612,OUT046,1997,Tier 1,Supermarket Type1,4390.2852
1868,FDI38,Regular,0.014649641,Canned,207.3638,OUT049,1999,Tier 1,Supermarket Type1,5797.7864
1869,FDS36,Regular,0.04688734,Baking Goods,107.957,OUT046,1997,Tier 1,Supermarket Type1,2966.139
1870,FDY59,Low Fat,0.031403441,Baking Goods,93.8462,OUT046,1997,Tier 1,Supermarket Type1,647.8234
1871,FDS55,Low Fat,0.0,Fruits and Vegetables,148.1734,OUT018,2009,Tier 3,Supermarket Type2,890.8404
1872,DRD27,Low Fat,0.023974769,Dairy,99.0042,OUT017,2007,Tier 2,Supermarket Type1,694.4294
1873,FDX24,low fat,0.013926425,Baking Goods,93.0462,OUT035,2004,Tier 2,Supermarket Type1,1110.5544
1874,FDH26,reg,0.034841089,Canned,141.1496,OUT018,2009,Tier 3,Supermarket Type2,282.2992
1875,FDD57,low fat,0.022434418,Fruits and Vegetables,96.2094,OUT049,1999,Tier 1,Supermarket Type1,952.094
1876,DRH49,Low Fat,0.043168763,Soft Drinks,82.8592,OUT019,1985,Tier 1,Grocery Store,165.1184
1877,NCM55,Low Fat,0.066726133,Others,185.8924,OUT046,1997,Tier 1,Supermarket Type1,3516.7556
1878,FDH12,Low Fat,0.085085743,Baking Goods,105.128,OUT049,1999,Tier 1,Supermarket Type1,1065.28
1879,FDT32,Regular,0.065735977,Fruits and Vegetables,189.6214,OUT049,1999,Tier 1,Supermarket Type1,2826.321
1880,FDC20,Low Fat,0.024069113,Fruits and Vegetables,56.2272,OUT018,2009,Tier 3,Supermarket Type2,559.272
1881,FDN32,Low Fat,0.015557426,Fruits and Vegetables,184.7266,OUT035,2004,Tier 2,Supermarket Type1,2213.1192
1882,FDG16,Low Fat,0.157257637,Frozen Foods,215.0192,OUT019,1985,Tier 1,Grocery Store,1078.596
1883,FDC22,Regular,0.0,Snack Foods,193.482,OUT049,1999,Tier 1,Supermarket Type1,2510.066
1884,FDT45,Low Fat,0.057546914,Snack Foods,55.8956,OUT018,2009,Tier 3,Supermarket Type2,491.3604
1885,FDS46,Regular,0.047524635,Snack Foods,118.2782,OUT017,2007,Tier 2,Supermarket Type1,715.0692
1886,FDG10,Regular,0.010961483,Snack Foods,58.2588,OUT045,2002,Tier 2,Supermarket Type1,343.5528
1887,DRK12,Low Fat,0.041951439,Soft Drinks,32.49,OUT049,1999,Tier 1,Supermarket Type1,865.54
1888,FDP49,Regular,0.069031467,Breakfast,55.0614,OUT013,1987,Tier 3,Supermarket Type1,442.0912
1889,FDI22,Low Fat,0.095746519,Snack Foods,208.6612,OUT027,1985,Tier 3,Supermarket Type3,7317.142
1890,FDF22,Low Fat,0.056783389,Snack Foods,214.5218,OUT013,1987,Tier 3,Supermarket Type1,2778.3834
1891,FDD38,Regular,0.0,Canned,100.3674,OUT027,1985,Tier 3,Supermarket Type3,1833.6132
1892,FDB10,Low Fat,0.0674819,Snack Foods,234.859,OUT018,2009,Tier 3,Supermarket Type2,1181.795
1893,FDQ01,Regular,0.16102755,Canned,254.1014,OUT045,2002,Tier 2,Supermarket Type1,4845.0266
1894,FDY35,Regular,0.028062401,Breads,44.0402,OUT019,1985,Tier 1,Grocery Store,91.8804
1895,NCT30,Low Fat,0.080417724,Household,48.8718,OUT049,1999,Tier 1,Supermarket Type1,425.4462
1896,FDX43,Low Fat,0.085447928,Fruits and Vegetables,165.85,OUT045,2002,Tier 2,Supermarket Type1,1830.95
1897,FDS40,Low Fat,0.024546148,Frozen Foods,34.619,OUT019,1985,Tier 1,Grocery Store,36.619
1898,FDY02,Regular,0.0,Dairy,264.791,OUT017,2007,Tier 2,Supermarket Type1,4733.838
1899,NCU17,Low Fat,0.0,Health and Hygiene,101.7674,OUT013,1987,Tier 3,Supermarket Type1,1120.5414
1900,DRF23,Low Fat,0.122901056,Hard Drinks,174.4396,OUT045,2002,Tier 2,Supermarket Type1,2616.594
1901,FDU35,Low Fat,0.078831762,Breads,98.97,OUT027,1985,Tier 3,Supermarket Type3,3395.58
1902,NCI55,Low Fat,0.012651172,Household,123.1414,OUT035,2004,Tier 2,Supermarket Type1,2314.9866
1903,NCC31,Low Fat,0.019866705,Household,154.5972,OUT035,2004,Tier 2,Supermarket Type1,1402.1748
1904,FDH19,Low Fat,0.033060937,Meat,172.4738,OUT013,1987,Tier 3,Supermarket Type1,1911.5118
1905,DRM47,Low Fat,0.043964058,Hard Drinks,192.3846,OUT018,2009,Tier 3,Supermarket Type2,4586.0304
1906,DRN35,Low Fat,0.070247589,Hard Drinks,37.5532,OUT046,1997,Tier 1,Supermarket Type1,1366.2216
1907,FDF08,Regular,0.109144085,Fruits and Vegetables,88.2856,OUT010,1998,Tier 3,Grocery Store,175.7712
1908,FDC47,Low Fat,0.19899855,Snack Foods,226.5694,OUT010,1998,Tier 3,Grocery Store,913.4776
1909,FDR55,reg,0.132058566,Fruits and Vegetables,187.5872,OUT035,2004,Tier 2,Supermarket Type1,4349.0056
1910,DRD15,Low Fat,0.056795923,Dairy,232.8642,OUT046,1997,Tier 1,Supermarket Type1,3485.463
1911,FDB52,Low Fat,0.030559583,Dairy,257.4672,OUT018,2009,Tier 3,Supermarket Type2,3835.008
1912,FDC33,Regular,0.068925304,Fruits and Vegetables,196.9768,OUT035,2004,Tier 2,Supermarket Type1,2759.0752
1913,NCY29,Low Fat,0.077169841,Health and Hygiene,55.593,OUT013,1987,Tier 3,Supermarket Type1,282.965
1914,FDZ58,Low Fat,0.091354948,Snack Foods,122.3072,OUT019,1985,Tier 1,Grocery Store,122.5072
1915,FDH04,Regular,0.011437302,Frozen Foods,92.4488,OUT017,2007,Tier 2,Supermarket Type1,1358.232
1916,FDF24,reg,0.025513973,Baking Goods,83.7934,OUT017,2007,Tier 2,Supermarket Type1,1474.0812
1917,DRK01,Low Fat,0.061313057,Soft Drinks,93.3436,OUT018,2009,Tier 3,Supermarket Type2,1323.6104
1918,NCJ43,Low Fat,0.027069402,Household,174.9396,OUT046,1997,Tier 1,Supermarket Type1,1744.396
1919,FDH57,Low Fat,0.035747522,Fruits and Vegetables,133.6284,OUT046,1997,Tier 1,Supermarket Type1,1581.9408
1920,NCS42,low fat,0.069403341,Household,91.2146,OUT035,2004,Tier 2,Supermarket Type1,2554.0088
1921,FDI14,Low Fat,0.089660816,Canned,140.0496,OUT035,2004,Tier 2,Supermarket Type1,1411.496
1922,FDC48,Low Fat,0.015949001,Baking Goods,84.1592,OUT017,2007,Tier 2,Supermarket Type1,1238.388
1923,DRE03,Low Fat,0.024222321,Dairy,45.5718,OUT035,2004,Tier 2,Supermarket Type1,945.436
1924,NCP50,Low Fat,0.020555958,Others,79.4618,OUT035,2004,Tier 2,Supermarket Type1,1772.3596
1925,FDJ57,Regular,0.021569566,Seafood,184.8582,OUT035,2004,Tier 2,Supermarket Type1,4643.955
1926,FDN51,Regular,0.020942867,Meat,260.2936,OUT035,2004,Tier 2,Supermarket Type1,4175.8976
1927,FDA35,Regular,0.053921264,Baking Goods,123.0072,OUT049,1999,Tier 1,Supermarket Type1,1960.1152
1928,FDA26,Regular,0.129425145,Dairy,219.3482,OUT019,1985,Tier 1,Grocery Store,219.0482
1929,FDA45,Low Fat,0.155694794,Snack Foods,177.637,OUT045,2002,Tier 2,Supermarket Type1,2999.429
1930,FDI41,Regular,0.062510529,Frozen Foods,146.8418,OUT018,2009,Tier 3,Supermarket Type2,2059.9852
1931,FDL24,Regular,0.024935297,Baking Goods,172.0422,OUT049,1999,Tier 1,Supermarket Type1,3966.1706
1932,FDH44,Regular,0.025872153,Fruits and Vegetables,145.7418,OUT046,1997,Tier 1,Supermarket Type1,882.8508
1933,FDR28,Regular,0.025936747,Frozen Foods,164.921,OUT049,1999,Tier 1,Supermarket Type1,2609.936
1934,FDS03,Low Fat,0.079613553,Meat,65.0826,OUT035,2004,Tier 2,Supermarket Type1,1162.4868
1935,NCR29,Low Fat,0.054863459,Health and Hygiene,58.393,OUT018,2009,Tier 3,Supermarket Type2,509.337
1936,FDM40,Low Fat,0.0,Frozen Foods,143.1154,OUT017,2007,Tier 2,Supermarket Type1,2410.8618
1937,FDO44,Low Fat,0.087436672,Fruits and Vegetables,109.9228,OUT035,2004,Tier 2,Supermarket Type1,663.1368
1938,FDC35,Low Fat,0.122837694,Starchy Foods,208.7638,OUT046,1997,Tier 1,Supermarket Type1,3105.957
1939,FDL56,Low Fat,0.126292985,Fruits and Vegetables,88.6198,OUT018,2009,Tier 3,Supermarket Type2,1133.8574
1940,NCI30,Low Fat,0.103188491,Household,244.346,OUT019,1985,Tier 1,Grocery Store,246.346
1941,FDT04,Low Fat,0.10764721,Frozen Foods,39.3822,OUT017,2007,Tier 2,Supermarket Type1,314.2576
1942,FDY55,Low Fat,0.0,Fruits and Vegetables,255.3988,OUT046,1997,Tier 1,Supermarket Type1,4625.9784
1943,FDX08,Low Fat,0.022696131,Fruits and Vegetables,179.9318,OUT018,2009,Tier 3,Supermarket Type2,2706.477
1944,FDV52,Regular,0.121709653,Frozen Foods,119.7466,OUT049,1999,Tier 1,Supermarket Type1,2003.3922
1945,NCQ50,Low Fat,0.034307348,Household,215.2218,OUT046,1997,Tier 1,Supermarket Type1,4701.8796
1946,NCK06,Low Fat,0.008639333,Household,122.2756,OUT013,1987,Tier 3,Supermarket Type1,2059.9852
1947,FDH33,Low Fat,0.122221269,Snack Foods,45.9428,OUT018,2009,Tier 3,Supermarket Type2,1274.3412
1948,DRH37,Low Fat,0.041608488,Soft Drinks,165.4526,OUT035,2004,Tier 2,Supermarket Type1,1644.526
1949,NCT42,Low Fat,0.024926013,Household,149.9392,OUT049,1999,Tier 1,Supermarket Type1,1491.392
1950,FDB29,Regular,0.052625179,Frozen Foods,113.4176,OUT018,2009,Tier 3,Supermarket Type2,1488.7288
1951,FDT36,Low Fat,0.0,Baking Goods,37.2874,OUT013,1987,Tier 3,Supermarket Type1,705.748
1952,FDH32,Low Fat,0.076060037,Fruits and Vegetables,95.141,OUT046,1997,Tier 1,Supermarket Type1,868.869
1953,NCC19,Low Fat,0.096862255,Household,193.982,OUT035,2004,Tier 2,Supermarket Type1,2316.984
1954,FDT28,Low Fat,0.06356617,Frozen Foods,151.3708,OUT046,1997,Tier 1,Supermarket Type1,3611.2992
1955,FDR49,Low Fat,0.0,Canned,46.5376,OUT013,1987,Tier 3,Supermarket Type1,575.2512
1956,NCW30,Low Fat,0.011007815,Household,259.5962,OUT035,2004,Tier 2,Supermarket Type1,2848.9582
1957,NCU41,LF,0.052054819,Health and Hygiene,189.1846,OUT046,1997,Tier 1,Supermarket Type1,2101.9306
1958,FDK40,Low Fat,0.021743592,Frozen Foods,263.191,OUT027,1985,Tier 3,Supermarket Type3,6574.775
1959,NCB31,Low Fat,0.118674359,Household,261.691,OUT046,1997,Tier 1,Supermarket Type1,3155.892
1960,NCB18,Low Fat,0.041091215,Household,89.5514,OUT027,1985,Tier 3,Supermarket Type3,3364.9532
1961,FDD40,Regular,0.014793357,Dairy,191.5162,OUT046,1997,Tier 1,Supermarket Type1,3078.6592
1962,FDE32,Low Fat,0.04874969,Fruits and Vegetables,37.5506,OUT035,2004,Tier 2,Supermarket Type1,113.8518
1963,NCV30,Low Fat,0.065932087,Household,64.851,OUT046,1997,Tier 1,Supermarket Type1,948.765
1964,NCU54,Low Fat,0.099024124,Household,208.527,OUT018,2009,Tier 3,Supermarket Type2,3145.905
1965,FDQ07,Regular,0.087762922,Fruits and Vegetables,221.5456,OUT018,2009,Tier 3,Supermarket Type2,2873.5928
1966,NCB19,LF,0.090278634,Household,86.7882,OUT035,2004,Tier 2,Supermarket Type1,1975.4286
1967,FDP60,Low Fat,0.0,Baking Goods,102.9016,OUT046,1997,Tier 1,Supermarket Type1,1922.8304
1968,FDE11,Regular,0.0,Starchy Foods,183.5924,OUT035,2004,Tier 2,Supermarket Type1,7033.5112
1969,FDO39,Regular,0.137580452,Meat,182.8608,OUT049,1999,Tier 1,Supermarket Type1,4042.7376
1970,FDB53,Low Fat,0.139735226,Frozen Foods,147.5392,OUT045,2002,Tier 2,Supermarket Type1,3877.6192
1971,FDX28,Low Fat,0.0,Frozen Foods,100.7042,OUT027,1985,Tier 3,Supermarket Type3,3174.5344
1972,DRK59,Low Fat,0.075757177,Hard Drinks,233.8616,OUT018,2009,Tier 3,Supermarket Type2,937.4464
1973,FDX46,Regular,0.057835325,Snack Foods,57.5562,OUT027,1985,Tier 3,Supermarket Type3,2548.0166
1974,NCL19,Low Fat,0.015708023,Others,143.447,OUT045,2002,Tier 2,Supermarket Type1,2576.646
1975,FDW19,Regular,0.038313981,Fruits and Vegetables,109.957,OUT027,1985,Tier 3,Supermarket Type3,4504.137
1976,FDY07,Low Fat,0.0,Fruits and Vegetables,45.9402,OUT027,1985,Tier 3,Supermarket Type3,872.8638
1977,FDM52,Low Fat,0.025993423,Frozen Foods,147.4076,OUT046,1997,Tier 1,Supermarket Type1,2808.3444
1978,NCG42,Low Fat,0.041291929,Household,130.131,OUT049,1999,Tier 1,Supermarket Type1,1038.648
1979,DRA59,Regular,0.128449055,Soft Drinks,186.5924,OUT018,2009,Tier 3,Supermarket Type2,4442.2176
1980,FDC22,Regular,0.136984147,Snack Foods,192.682,OUT018,2009,Tier 3,Supermarket Type2,2703.148
1981,FDV60,Regular,0.205484395,Baking Goods,198.011,OUT019,1985,Tier 1,Grocery Store,392.822
1982,FDB51,Low Fat,0.038446805,Dairy,63.5852,OUT035,2004,Tier 2,Supermarket Type1,751.0224
1983,FDW32,Regular,0.094488071,Fruits and Vegetables,87.1882,OUT045,2002,Tier 2,Supermarket Type1,515.3292
1984,NCN17,Low Fat,0.055162827,Health and Hygiene,100.3358,OUT018,2009,Tier 3,Supermarket Type2,904.8222
1985,FDO36,Low Fat,0.078034976,Baking Goods,178.066,OUT049,1999,Tier 1,Supermarket Type1,3954.852
1986,NCN54,Low Fat,0.021369722,Household,75.8328,OUT045,2002,Tier 2,Supermarket Type1,154.4656
1987,FDR59,Regular,0.063962842,Breads,263.1594,OUT049,1999,Tier 1,Supermarket Type1,2616.594
1988,NCC31,LF,0.033259081,Household,154.2972,OUT010,1998,Tier 3,Grocery Store,1090.5804
1989,NCC18,Low Fat,0.177629525,Household,173.9422,OUT045,2002,Tier 2,Supermarket Type1,2414.1908
1990,FDP57,low fat,0.052434201,Snack Foods,103.999,OUT035,2004,Tier 2,Supermarket Type1,1857.582
1991,DRD49,Low Fat,0.16817143,Soft Drinks,237.7564,OUT045,2002,Tier 2,Supermarket Type1,3813.7024
1992,DRI47,Low Fat,0.035016091,Hard Drinks,144.3128,OUT010,1998,Tier 3,Grocery Store,431.4384
1993,NCO54,Low Fat,0.014262413,Household,57.1614,OUT013,1987,Tier 3,Supermarket Type1,331.5684
1994,FDJ07,Low Fat,0.014353676,Meat,115.515,OUT027,1985,Tier 3,Supermarket Type3,1631.21
1995,NCI42,Low Fat,0.010381661,Household,207.8954,OUT049,1999,Tier 1,Supermarket Type1,2292.3494
1996,FDW46,Regular,0.070444232,Snack Foods,63.4484,OUT045,2002,Tier 2,Supermarket Type1,1043.9744
1997,FDS01,Low Fat,0.031069203,Canned,179.6686,OUT019,1985,Tier 1,Grocery Store,177.7686
1998,FDU33,Regular,0.134057426,Snack Foods,45.3402,OUT027,1985,Tier 3,Supermarket Type3,918.804
1999,FDE20,Regular,0.005525913,Fruits and Vegetables,168.279,OUT013,1987,Tier 3,Supermarket Type1,2376.906
2000,DRC01,Regular,0.019107027,Soft Drinks,48.4692,OUT027,1985,Tier 3,Supermarket Type3,1034.6532
2001,DRJ35,Low Fat,0.046545786,Hard Drinks,59.9878,OUT013,1987,Tier 3,Supermarket Type1,484.7024
2002,FDQ24,Low Fat,0.073966786,Baking Goods,250.5724,OUT018,2009,Tier 3,Supermarket Type2,4026.7584
2003,FDY33,Regular,0.096730427,Snack Foods,159.0262,OUT027,1985,Tier 3,Supermarket Type3,5887.6694
2004,NCV17,Low Fat,0.016104504,Health and Hygiene,130.2626,OUT035,2004,Tier 2,Supermarket Type1,2360.9268
2005,FDM01,reg,0.095102092,Breakfast,104.4332,OUT017,2007,Tier 2,Supermarket Type1,2870.9296
2006,DRJ47,Low Fat,0.044430561,Hard Drinks,174.208,OUT018,2009,Tier 3,Supermarket Type2,2596.62
2007,FDA40,Regular,0.099271209,Frozen Foods,88.5856,OUT046,1997,Tier 1,Supermarket Type1,878.856
2008,FDQ46,Low Fat,0.104023565,Snack Foods,112.4544,OUT045,2002,Tier 2,Supermarket Type1,2013.3792
2009,NCI29,Low Fat,0.032687702,Health and Hygiene,140.9154,OUT045,2002,Tier 2,Supermarket Type1,1134.5232
2010,FDD05,Low Fat,0.016679143,Frozen Foods,119.3098,OUT018,2009,Tier 3,Supermarket Type2,1928.1568
2011,NCO18,Low Fat,0.024651269,Household,179.5686,OUT046,1997,Tier 1,Supermarket Type1,1422.1488
2012,FDW34,Low Fat,0.035780385,Snack Foods,241.317,OUT017,2007,Tier 2,Supermarket Type1,3645.255
2013,FDP15,Low Fat,0.083536071,Meat,255.433,OUT027,1985,Tier 3,Supermarket Type3,9227.988
2014,FDZ59,Regular,0.104445322,Baking Goods,167.25,OUT018,2009,Tier 3,Supermarket Type2,1830.95
2015,DRL60,Low Fat,0.047377447,Soft Drinks,150.6682,OUT019,1985,Tier 1,Grocery Store,457.4046
2016,FDI50,Regular,0.030816999,Canned,230.8352,OUT013,1987,Tier 3,Supermarket Type1,3435.528
2017,FDX33,Regular,0.117462619,Snack Foods,158.9578,OUT035,2004,Tier 2,Supermarket Type1,2246.4092
2018,NCR54,Low Fat,0.090562192,Household,198.211,OUT046,1997,Tier 1,Supermarket Type1,1964.11
2019,FDV27,Regular,0.070017381,Meat,89.3514,OUT019,1985,Tier 1,Grocery Store,177.1028
2020,NCT06,Low Fat,0.067824456,Household,167.7842,OUT019,1985,Tier 1,Grocery Store,165.7842
2021,FDB38,Regular,0.027341529,Canned,158.292,OUT035,2004,Tier 2,Supermarket Type1,3994.8
2022,FDS13,Low Fat,0.0,Canned,263.1884,OUT018,2009,Tier 3,Supermarket Type2,2914.8724
2023,FDU59,Low Fat,0.096536082,Breads,162.8552,OUT049,1999,Tier 1,Supermarket Type1,3574.0144
2024,FDS34,Regular,0.076387367,Snack Foods,112.1518,OUT027,1985,Tier 3,Supermarket Type3,3870.9612
2025,FDY57,reg,0.121153331,Snack Foods,97.3752,OUT013,1987,Tier 3,Supermarket Type1,958.752
2026,FDU37,Regular,0.10400212,Canned,79.796,OUT027,1985,Tier 3,Supermarket Type3,4074.696
2027,FDL25,Regular,0.131458247,Breakfast,90.5804,OUT018,2009,Tier 3,Supermarket Type2,183.7608
2028,FDZ49,Regular,0.133352623,Canned,219.7798,OUT049,1999,Tier 1,Supermarket Type1,2644.5576
2029,FDN46,Regular,0.145220646,Snack Foods,103.1332,OUT018,2009,Tier 3,Supermarket Type2,1845.5976
2030,FDD46,Low Fat,0.247321039,Snack Foods,152.3998,OUT019,1985,Tier 1,Grocery Store,153.7998
2031,FDX51,Regular,0.022054553,Meat,195.4452,OUT035,2004,Tier 2,Supermarket Type1,4502.1396
2032,DRE12,Low Fat,0.070721656,Soft Drinks,113.286,OUT013,1987,Tier 3,Supermarket Type1,1471.418
2033,FDI56,Low Fat,0.093385381,Fruits and Vegetables,91.3146,OUT046,1997,Tier 1,Supermarket Type1,1641.8628
2034,FDU31,Regular,0.02498633,Fruits and Vegetables,216.7508,OUT035,2004,Tier 2,Supermarket Type1,3038.7112
2035,FDY16,Regular,0.092226754,Frozen Foods,184.4266,OUT046,1997,Tier 1,Supermarket Type1,3504.1054
2036,FDJ60,Regular,0.062882112,Baking Goods,164.1184,OUT017,2007,Tier 2,Supermarket Type1,2807.0128
2037,FDE45,Low Fat,0.040323731,Fruits and Vegetables,180.0002,OUT013,1987,Tier 3,Supermarket Type1,4656.6052
2038,FDX12,Regular,0.026064486,Baking Goods,241.8196,OUT046,1997,Tier 1,Supermarket Type1,4097.3332
2039,FDL04,Low Fat,0.111923422,Frozen Foods,106.5622,OUT046,1997,Tier 1,Supermarket Type1,2117.244
2040,FDY59,Low Fat,0.031397503,Baking Goods,91.3462,OUT035,2004,Tier 2,Supermarket Type1,1388.193
2041,FDY22,Regular,0.159690469,Snack Foods,142.4128,OUT035,2004,Tier 2,Supermarket Type1,575.2512
2042,FDA02,Regular,0.052040539,Dairy,143.1786,OUT019,1985,Tier 1,Grocery Store,288.9572
2043,NCO30,Low Fat,0.01581384,Household,183.2608,OUT017,2007,Tier 2,Supermarket Type1,2940.1728
2044,FDB32,Low Fat,0.041063069,Fruits and Vegetables,93.5778,OUT019,1985,Tier 1,Grocery Store,187.7556
2045,FDO32,Low Fat,0.120731024,Fruits and Vegetables,46.506,OUT049,1999,Tier 1,Supermarket Type1,652.484
2046,FDX44,Low Fat,0.043141572,Fruits and Vegetables,90.4172,OUT018,2009,Tier 3,Supermarket Type2,1249.0408
2047,DRB24,Low Fat,0.020693619,Soft Drinks,153.1656,OUT017,2007,Tier 2,Supermarket Type1,1853.5872
2048,FDW48,Low Fat,0.008539208,Baking Goods,81.2618,OUT035,2004,Tier 2,Supermarket Type1,402.809
2049,FDM34,Low Fat,0.067722325,Snack Foods,130.8626,OUT018,2009,Tier 3,Supermarket Type2,1573.9512
2050,FDI35,Low Fat,0.041291169,Starchy Foods,180.7634,OUT046,1997,Tier 1,Supermarket Type1,2181.1608
2051,DRE25,Low Fat,0.072928316,Soft Drinks,94.412,OUT027,1985,Tier 3,Supermarket Type3,1304.968
2052,FDM52,Low Fat,0.025988508,Frozen Foods,146.6076,OUT035,2004,Tier 2,Supermarket Type1,2364.9216
2053,FDR21,Low Fat,0.066935459,Snack Foods,177.537,OUT046,1997,Tier 1,Supermarket Type1,3175.866
2054,NCK30,Low Fat,0.102065622,Household,254.2698,OUT010,1998,Tier 3,Grocery Store,1775.6886
2055,NCJ06,Low Fat,0.060672263,Household,119.8782,OUT019,1985,Tier 1,Grocery Store,238.3564
2056,FDB34,Low Fat,0.026604781,Snack Foods,86.2198,OUT035,2004,Tier 2,Supermarket Type1,610.5386
2057,DRI13,Low Fat,0.020310046,Soft Drinks,218.0508,OUT013,1987,Tier 3,Supermarket Type1,3038.7112
2058,FDA10,Low Fat,0.142618182,Snack Foods,123.2072,OUT017,2007,Tier 2,Supermarket Type1,1225.072
2059,FDF26,Regular,0.046898544,Canned,153.7998,OUT017,2007,Tier 2,Supermarket Type1,922.7988
2060,DRM35,LF,0.070587419,Hard Drinks,176.9344,OUT045,2002,Tier 2,Supermarket Type1,5888.3352
2061,NCJ42,Low Fat,0.01438222,Household,102.2332,OUT017,2007,Tier 2,Supermarket Type1,3075.996
2062,FDY24,Regular,0.133382115,Baking Goods,55.0298,OUT013,1987,Tier 3,Supermarket Type1,647.1576
2063,NCN54,Low Fat,0.021326471,Household,76.1328,OUT046,1997,Tier 1,Supermarket Type1,772.328
2064,NCU30,Low Fat,0.034874689,Household,161.721,OUT046,1997,Tier 1,Supermarket Type1,2446.815
2065,FDN01,Low Fat,0.072511335,Breakfast,177.437,OUT049,1999,Tier 1,Supermarket Type1,3528.74
2066,FDG09,Regular,0.047704151,Fruits and Vegetables,187.2556,OUT027,1985,Tier 3,Supermarket Type3,4506.1344
2067,FDI34,reg,0.085268317,Snack Foods,229.7668,OUT049,1999,Tier 1,Supermarket Type1,3916.2356
2068,DRK47,Low Fat,0.064194304,Hard Drinks,229.4694,OUT045,2002,Tier 2,Supermarket Type1,2055.3246
2069,FDO45,Regular,0.038011783,Snack Foods,89.6856,OUT049,1999,Tier 1,Supermarket Type1,703.0848
2070,FDC15,Low Fat,0.17824575,Dairy,158.1288,OUT049,1999,Tier 1,Supermarket Type1,3299.7048
2071,FDT12,Regular,0.049722335,Baking Goods,224.5062,OUT045,2002,Tier 2,Supermarket Type1,4514.124
2072,FDN32,Low Fat,0.015591925,Fruits and Vegetables,184.8266,OUT045,2002,Tier 2,Supermarket Type1,2766.399
2073,NCP18,Low Fat,0.028656248,Household,149.3708,OUT045,2002,Tier 2,Supermarket Type1,1203.7664
2074,NCN53,Low Fat,0.030330202,Health and Hygiene,35.4874,OUT013,1987,Tier 3,Supermarket Type1,388.1614
2075,NCK19,Low Fat,0.151420934,Others,194.3478,OUT010,1998,Tier 3,Grocery Store,387.4956
2076,FDI45,LF,0.037549969,Fruits and Vegetables,176.1054,OUT013,1987,Tier 3,Supermarket Type1,4027.4242
2077,FDU40,Low Fat,0.062606583,Frozen Foods,192.2478,OUT010,1998,Tier 3,Grocery Store,387.4956
2078,FDQ12,Low Fat,0.035482562,Baking Goods,231.401,OUT045,2002,Tier 2,Supermarket Type1,2526.711
2079,FDQ55,Regular,0.013035609,Fruits and Vegetables,114.7834,OUT035,2004,Tier 2,Supermarket Type1,3455.502
2080,FDK24,Low Fat,0.177354373,Baking Goods,46.6744,OUT019,1985,Tier 1,Grocery Store,135.8232
2081,FDH48,Low Fat,0.060603014,Baking Goods,85.554,OUT045,2002,Tier 2,Supermarket Type1,1731.08
2082,FDV08,Low Fat,0.028571132,Fruits and Vegetables,40.8454,OUT013,1987,Tier 3,Supermarket Type1,587.2356
2083,NCO06,Low Fat,0.180820798,Household,35.9558,OUT010,1998,Tier 3,Grocery Store,67.9116
2084,DRL60,Low Fat,0.027169589,Soft Drinks,151.0682,OUT018,2009,Tier 3,Supermarket Type2,1829.6184
2085,FDW34,Low Fat,0.035549527,Snack Foods,244.117,OUT013,1987,Tier 3,Supermarket Type1,5346.374
2086,FDR37,Regular,0.066237024,Breakfast,183.1292,OUT035,2004,Tier 2,Supermarket Type1,6385.022
2087,FDH38,Low Fat,0.010497273,Canned,118.3808,OUT017,2007,Tier 2,Supermarket Type1,2812.3392
2088,FDA57,LF,0.039451625,Snack Foods,39.548,OUT027,1985,Tier 3,Supermarket Type3,1358.232
2089,FDR43,Low Fat,0.161817014,Fruits and Vegetables,37.819,OUT045,2002,Tier 2,Supermarket Type1,219.714
2090,NCN19,Low Fat,0.01209726,Others,188.853,OUT035,2004,Tier 2,Supermarket Type1,3225.801
2091,FDC03,Regular,0.071786706,Dairy,193.3794,OUT013,1987,Tier 3,Supermarket Type1,780.3176
2092,FDU14,Low Fat,0.034584356,Dairy,248.375,OUT027,1985,Tier 3,Supermarket Type3,10236.675
2093,FDY49,Regular,0.021031586,Canned,164.7184,OUT019,1985,Tier 1,Grocery Store,495.3552
2094,NCM31,Low Fat,0.0816559,Others,143.3154,OUT017,2007,Tier 2,Supermarket Type1,2836.308
2095,FDA56,Low Fat,0.008757492,Fruits and Vegetables,120.8414,OUT013,1987,Tier 3,Supermarket Type1,2071.3038
2096,FDV01,Regular,0.0,Canned,154.6314,OUT027,1985,Tier 3,Supermarket Type3,6515.5188
2097,DRL23,Low Fat,0.015291576,Hard Drinks,106.1938,OUT013,1987,Tier 3,Supermarket Type1,1607.907
2098,FDL24,Regular,0.024875871,Baking Goods,173.0422,OUT013,1987,Tier 3,Supermarket Type1,2069.3064
2099,FDP45,Regular,0.030686952,Snack Foods,253.4724,OUT045,2002,Tier 2,Supermarket Type1,1510.0344
2100,FDI48,Regular,0.055672032,Baking Goods,50.5666,OUT013,1987,Tier 3,Supermarket Type1,922.7988
2101,FDL58,Regular,0.074451126,Snack Foods,264.5568,OUT018,2009,Tier 3,Supermarket Type2,6327.7632
2102,NCQ06,Low Fat,0.0420611,Household,254.1014,OUT017,2007,Tier 2,Supermarket Type1,3315.0182
2103,DRN36,Low Fat,0.087854925,Soft Drinks,95.9752,OUT019,1985,Tier 1,Grocery Store,95.8752
2104,FDB14,Regular,0.102226474,Canned,91.312,OUT027,1985,Tier 3,Supermarket Type3,3075.996
2105,FDF09,Low Fat,0.012173543,Fruits and Vegetables,36.4848,OUT045,2002,Tier 2,Supermarket Type1,447.4176
2106,NCR50,Low Fat,0.01181025,Household,154.634,OUT013,1987,Tier 3,Supermarket Type1,4287.752
2107,NCT18,Low Fat,0.059405152,Household,179.6976,OUT046,1997,Tier 1,Supermarket Type1,3621.952
2108,FDV44,Regular,0.040069806,Fruits and Vegetables,190.7188,OUT017,2007,Tier 2,Supermarket Type1,1904.188
2109,FDV16,Regular,0.082861686,Frozen Foods,32.6558,OUT013,1987,Tier 3,Supermarket Type1,679.116
2110,FDB04,Regular,0.06292013,Dairy,88.9856,OUT027,1985,Tier 3,Supermarket Type3,3515.424
2111,FDW25,Low Fat,0.037217847,Canned,86.8224,OUT027,1985,Tier 3,Supermarket Type3,1448.7808
2112,FDC20,Low Fat,0.0,Fruits and Vegetables,57.1272,OUT035,2004,Tier 2,Supermarket Type1,279.636
2113,FDC21,Regular,0.042923071,Fruits and Vegetables,109.8254,OUT013,1987,Tier 3,Supermarket Type1,1627.881
2114,FDY04,Regular,0.042468413,Frozen Foods,162.421,OUT035,2004,Tier 2,Supermarket Type1,1468.089
2115,FDD29,Low Fat,0.018439138,Frozen Foods,254.7698,OUT049,1999,Tier 1,Supermarket Type1,5073.396
2116,FDY39,Regular,0.0,Meat,182.0608,OUT027,1985,Tier 3,Supermarket Type3,7717.9536
2117,FDX39,Regular,0.049634817,Meat,212.5586,OUT013,1987,Tier 3,Supermarket Type1,3165.879
2118,FDU21,Regular,0.076839735,Snack Foods,34.9558,OUT049,1999,Tier 1,Supermarket Type1,373.5138
2119,FDL15,Low Fat,0.081651443,Meat,152.5682,OUT019,1985,Tier 1,Grocery Store,152.4682
2120,FDC02,Low Fat,0.069102831,Canned,259.9278,OUT018,2009,Tier 3,Supermarket Type2,6768.5228
2121,FDN02,Low Fat,0.07376631,Canned,208.5638,OUT013,1987,Tier 3,Supermarket Type1,2691.8294
2122,FDB59,Low Fat,0.015309885,Snack Foods,197.6084,OUT045,2002,Tier 2,Supermarket Type1,2380.9008
2123,DRC27,Low Fat,0.058339153,Dairy,246.2802,OUT018,2009,Tier 3,Supermarket Type2,1228.401
2124,FDS56,Regular,0.064871045,Fruits and Vegetables,262.1252,OUT010,1998,Tier 3,Grocery Store,786.9756
2125,DRP35,Low Fat,0.091051579,Hard Drinks,127.4336,OUT045,2002,Tier 2,Supermarket Type1,894.8352
2126,DRY23,Regular,0.109265987,Soft Drinks,42.3112,OUT049,1999,Tier 1,Supermarket Type1,980.0576
2127,FDW22,Regular,0.030413777,Snack Foods,221.3114,OUT018,2009,Tier 3,Supermarket Type2,2217.114
2128,FDO13,Low Fat,0.061405051,Breakfast,166.3526,OUT017,2007,Tier 2,Supermarket Type1,1973.4312
2129,NCK53,Low Fat,0.037734334,Health and Hygiene,98.1042,OUT018,2009,Tier 3,Supermarket Type2,2678.5134
2130,FDV51,Low Fat,0.032538896,Meat,165.7842,OUT046,1997,Tier 1,Supermarket Type1,2652.5472
2131,NCV41,Low Fat,0.017135155,Health and Hygiene,109.8228,OUT017,2007,Tier 2,Supermarket Type1,1657.842
2132,FDE32,Low Fat,0.048718334,Fruits and Vegetables,38.7506,OUT013,1987,Tier 3,Supermarket Type1,227.7036
2133,FDD57,Low Fat,0.037492325,Fruits and Vegetables,95.5094,OUT010,1998,Tier 3,Grocery Store,95.2094
2134,FDF17,Low Fat,0.042687151,Frozen Foods,195.911,OUT049,1999,Tier 1,Supermarket Type1,2946.165
2135,FDW11,Low Fat,0.048741487,Breads,60.4194,OUT013,1987,Tier 3,Supermarket Type1,990.7104
2136,FDZ47,Regular,0.07929647,Baking Goods,97.2042,OUT046,1997,Tier 1,Supermarket Type1,1686.4714
2137,NCM29,Low Fat,0.01774202,Health and Hygiene,129.6626,OUT017,2007,Tier 2,Supermarket Type1,1836.2764
2138,DRG15,Low Fat,0.076855207,Dairy,59.3536,OUT049,1999,Tier 1,Supermarket Type1,1470.0864
2139,FDK08,Regular,0.204713036,Fruits and Vegetables,101.0016,OUT010,1998,Tier 3,Grocery Store,202.4032
2140,NCJ31,Low Fat,0.183686937,Others,241.8196,OUT017,2007,Tier 2,Supermarket Type1,1687.1372
2141,NCF43,Low Fat,0.052239735,Household,141.947,OUT017,2007,Tier 2,Supermarket Type1,2004.058
2142,FDX15,LF,0.156541861,Meat,162.4578,OUT049,1999,Tier 1,Supermarket Type1,2888.2404
2143,FDJ40,Regular,0.049579883,Frozen Foods,110.0912,OUT035,2004,Tier 2,Supermarket Type1,1965.4416
2144,DRO47,Low Fat,0.187841082,Hard Drinks,112.486,OUT010,1998,Tier 3,Grocery Store,113.186
2145,FDF10,Regular,0.15717236,Snack Foods,149.1418,OUT049,1999,Tier 1,Supermarket Type1,588.5672
2146,FDU27,Regular,0.172446822,Meat,47.1376,OUT017,2007,Tier 2,Supermarket Type1,767.0016
2147,NCJ43,Low Fat,0.027222517,Household,174.0396,OUT017,2007,Tier 2,Supermarket Type1,2093.2752
2148,DRC12,Low Fat,0.037826873,Soft Drinks,189.7188,OUT046,1997,Tier 1,Supermarket Type1,2285.0256
2149,FDV33,Regular,0.027386122,Snack Foods,259.2304,OUT049,1999,Tier 1,Supermarket Type1,4649.9472
2150,FDY46,Low Fat,0.047964395,Snack Foods,185.0898,OUT049,1999,Tier 1,Supermarket Type1,2993.4368
2151,FDT03,Low Fat,0.01005532,Meat,183.1608,OUT017,2007,Tier 2,Supermarket Type1,2756.412
2152,FDR25,Regular,0.138846289,Canned,263.7884,OUT027,1985,Tier 3,Supermarket Type3,1324.942
2153,FDB56,Regular,0.074778547,Fruits and Vegetables,186.3556,OUT045,2002,Tier 2,Supermarket Type1,3567.3564
2154,FDP11,Low Fat,0.069491408,Breads,218.2166,OUT017,2007,Tier 2,Supermarket Type1,4789.7652
2155,FDJ40,Regular,0.049349121,Frozen Foods,108.6912,OUT027,1985,Tier 3,Supermarket Type3,3057.3536
2156,FDL22,Low Fat,0.036383293,Snack Foods,91.0488,OUT035,2004,Tier 2,Supermarket Type1,1086.5856
2157,FDX47,Regular,0.034604343,Breads,157.8288,OUT046,1997,Tier 1,Supermarket Type1,2514.0608
2158,DRG27,Low Fat,0.184035253,Dairy,42.2138,OUT019,1985,Tier 1,Grocery Store,40.6138
2159,DRA12,Low Fat,0.040911824,Soft Drinks,142.3154,OUT013,1987,Tier 3,Supermarket Type1,2552.6772
2160,FDY14,Low Fat,0.069981909,Dairy,263.0226,OUT013,1987,Tier 3,Supermarket Type1,6079.4198
2161,FDX52,Regular,0.073541072,Frozen Foods,192.282,OUT019,1985,Tier 1,Grocery Store,386.164
2162,FDS58,Regular,0.021049215,Snack Foods,161.0578,OUT045,2002,Tier 2,Supermarket Type1,2406.867
2163,FDD39,Low Fat,0.07044068,Dairy,216.885,OUT018,2009,Tier 3,Supermarket Type2,6275.165
2164,FDT31,Low Fat,0.012467648,Fruits and Vegetables,188.1872,OUT049,1999,Tier 1,Supermarket Type1,2458.1336
2165,FDV16,Regular,0.145200948,Frozen Foods,35.4558,OUT019,1985,Tier 1,Grocery Store,135.8232
2166,FDB51,Low Fat,0.038422076,Dairy,62.5852,OUT013,1987,Tier 3,Supermarket Type1,438.0964
2167,FDT23,Regular,0.074731477,Breads,77.5986,OUT046,1997,Tier 1,Supermarket Type1,1947.465
2168,FDD28,Low Fat,0.0,Frozen Foods,60.5904,OUT017,2007,Tier 2,Supermarket Type1,410.1328
2169,FDR33,Low Fat,0.026830586,Snack Foods,108.057,OUT049,1999,Tier 1,Supermarket Type1,2087.283
2170,FDZ20,Low Fat,0.034501016,Fruits and Vegetables,255.7356,OUT017,2007,Tier 2,Supermarket Type1,2543.356
2171,FDL21,Regular,0.007160908,Snack Foods,39.348,OUT045,2002,Tier 2,Supermarket Type1,719.064
2172,DRB01,Low Fat,0.082170947,Soft Drinks,190.953,OUT013,1987,Tier 3,Supermarket Type1,2466.789
2173,FDJ36,Regular,0.214681063,Baking Goods,102.7332,OUT010,1998,Tier 3,Grocery Store,205.0664
2174,NCN43,Low Fat,0.011314423,Others,122.973,OUT010,1998,Tier 3,Grocery Store,123.173
2175,FDP26,Low Fat,0.244338986,Dairy,105.9306,OUT019,1985,Tier 1,Grocery Store,209.0612
2176,FDC14,Regular,0.06904249,Canned,41.4454,OUT010,1998,Tier 3,Grocery Store,41.9454
2177,FDG60,Low Fat,0.060405784,Baking Goods,234.5616,OUT027,1985,Tier 3,Supermarket Type3,6796.4864
2178,FDZ20,Low Fat,0.034278413,Fruits and Vegetables,255.2356,OUT013,1987,Tier 3,Supermarket Type1,6867.0612
2179,FDR58,Low Fat,0.041921462,Snack Foods,92.3462,OUT046,1997,Tier 1,Supermarket Type1,2406.2012
2180,FDR35,Low Fat,0.020680499,Breads,197.2742,OUT013,1987,Tier 3,Supermarket Type1,2587.9646
2181,FDU02,low fat,0.103091351,Dairy,229.9352,OUT017,2007,Tier 2,Supermarket Type1,2519.3872
2182,FDY21,Low Fat,0.0,Snack Foods,197.211,OUT010,1998,Tier 3,Grocery Store,196.411
2183,FDX56,Regular,0.0,Fruits and Vegetables,208.5638,OUT049,1999,Tier 1,Supermarket Type1,5383.6588
2184,NCA30,Low Fat,0.129309277,Household,188.8872,OUT035,2004,Tier 2,Supermarket Type1,3592.6568
2185,FDR31,Regular,0.049121972,Fruits and Vegetables,144.6102,OUT013,1987,Tier 3,Supermarket Type1,2916.204
2186,FDF52,Low Fat,0.066727717,Frozen Foods,181.6292,OUT013,1987,Tier 3,Supermarket Type1,2371.5796
2187,FDD41,Regular,0.087437069,Frozen Foods,106.1306,OUT045,2002,Tier 2,Supermarket Type1,1672.4896
2188,FDJ10,Regular,0.129479176,Snack Foods,139.7838,OUT035,2004,Tier 2,Supermarket Type1,1264.3542
2189,FDU57,Regular,0.149895348,Snack Foods,152.0708,OUT010,1998,Tier 3,Grocery Store,451.4124
2190,FDO10,Regular,0.0,Snack Foods,58.7588,OUT019,1985,Tier 1,Grocery Store,400.8116
2191,FDJ10,Regular,0.128876537,Snack Foods,139.1838,OUT027,1985,Tier 3,Supermarket Type3,4916.933
2192,FDA55,Regular,0.056941603,Fruits and Vegetables,222.5088,OUT013,1987,Tier 3,Supermarket Type1,5369.0112
2193,FDA50,Low Fat,0.087668236,Dairy,94.941,OUT017,2007,Tier 2,Supermarket Type1,1737.738
2194,FDF08,Regular,0.065195229,Fruits and Vegetables,88.9856,OUT035,2004,Tier 2,Supermarket Type1,1669.8264
2195,NCH18,Low Fat,0.074753743,Household,246.4802,OUT010,1998,Tier 3,Grocery Store,982.7208
2196,FDZ21,Regular,0.03922186,Snack Foods,97.241,OUT046,1997,Tier 1,Supermarket Type1,193.082
2197,FDJ60,Regular,0.062655235,Baking Goods,163.3184,OUT045,2002,Tier 2,Supermarket Type1,2641.8944
2198,NCC19,Low Fat,0.096880574,Household,191.482,OUT046,1997,Tier 1,Supermarket Type1,5020.132
2199,FDP52,Regular,0.0,Frozen Foods,229.201,OUT035,2004,Tier 2,Supermarket Type1,3215.814
2200,FDY34,Regular,0.019227816,Snack Foods,163.9842,OUT019,1985,Tier 1,Grocery Store,331.5684
2201,NCL30,Low Fat,0.048940428,Household,127.5336,OUT046,1997,Tier 1,Supermarket Type1,1789.6704
2202,FDF11,Regular,0.017666978,Starchy Foods,239.4538,OUT045,2002,Tier 2,Supermarket Type1,4566.7222
2203,FDI60,Regular,0.0383808,Baking Goods,62.351,OUT049,1999,Tier 1,Supermarket Type1,885.514
2204,FDW50,Low Fat,0.075563757,Dairy,168.1158,OUT035,2004,Tier 2,Supermarket Type1,2005.3896
2205,NCB42,LF,0.008578539,Health and Hygiene,117.6492,OUT045,2002,Tier 2,Supermarket Type1,1158.492
2206,DRM23,Low Fat,0.135944247,Hard Drinks,172.0422,OUT049,1999,Tier 1,Supermarket Type1,2586.633
2207,FDX26,Low Fat,0.087383304,Dairy,180.4292,OUT027,1985,Tier 3,Supermarket Type3,4013.4424
2208,FDI40,Regular,0.126313413,Frozen Foods,100.6358,OUT017,2007,Tier 2,Supermarket Type1,2010.716
2209,FDZ27,Low Fat,0.0,Dairy,51.235,OUT019,1985,Tier 1,Grocery Store,49.935
2210,FDZ38,Low Fat,0.008033611,Dairy,174.2422,OUT018,2009,Tier 3,Supermarket Type2,4311.055
2211,FDL57,Regular,0.067212845,Snack Foods,260.2304,OUT045,2002,Tier 2,Supermarket Type1,4908.2776
2212,FDY02,Regular,0.153456703,Dairy,264.091,OUT019,1985,Tier 1,Grocery Store,262.991
2213,FDV40,Low Fat,0.014689006,Frozen Foods,74.5038,OUT035,2004,Tier 2,Supermarket Type1,739.038
2214,NCF07,Low Fat,0.032203667,Household,100.8016,OUT017,2007,Tier 2,Supermarket Type1,1113.2176
2215,FDL36,Low Fat,0.076385385,Baking Goods,88.483,OUT018,2009,Tier 3,Supermarket Type2,988.713
2216,FDU25,Low Fat,0.026735372,Canned,57.4246,OUT045,2002,Tier 2,Supermarket Type1,810.9444
2217,FDP01,Regular,0.063684145,Breakfast,151.7682,OUT017,2007,Tier 2,Supermarket Type1,1372.2138
2218,FDL13,Regular,0.056271701,Breakfast,232.23,OUT013,1987,Tier 3,Supermarket Type1,1398.18
2219,FDQ47,Regular,0.168527463,Breads,33.6874,OUT045,2002,Tier 2,Supermarket Type1,1023.3346
2220,FDQ24,Low Fat,0.074083388,Baking Goods,253.3724,OUT017,2007,Tier 2,Supermarket Type1,6795.1548
2221,FDF35,Low Fat,0.154301621,Starchy Foods,105.9938,OUT045,2002,Tier 2,Supermarket Type1,428.7752
2222,FDS19,Regular,0.064153845,Fruits and Vegetables,76.9012,OUT013,1987,Tier 3,Supermarket Type1,607.2096
2223,FDZ60,Low Fat,0.119339241,Baking Goods,106.0596,OUT035,2004,Tier 2,Supermarket Type1,970.7364
2224,FDG02,Low Fat,0.011307038,Canned,188.5188,OUT018,2009,Tier 3,Supermarket Type2,952.094
2225,FDU37,Regular,0.104488444,Canned,77.896,OUT035,2004,Tier 2,Supermarket Type1,1997.4
2226,FDP59,Regular,0.094512029,Breads,104.5648,OUT010,1998,Tier 3,Grocery Store,207.7296
2227,FDM50,Regular,0.030150193,Canned,61.422,OUT045,2002,Tier 2,Supermarket Type1,539.298
2228,FDN50,reg,0.026627857,Canned,93.712,OUT018,2009,Tier 3,Supermarket Type2,745.696
2229,FDK41,Low Fat,0.127541722,Frozen Foods,84.9224,OUT046,1997,Tier 1,Supermarket Type1,1193.1136
2230,FDM25,Regular,0.061008889,Breakfast,177.5712,OUT017,2007,Tier 2,Supermarket Type1,2636.568
2231,FDW23,Low Fat,0.143592939,Baking Goods,37.3164,OUT019,1985,Tier 1,Grocery Store,38.6164
2232,DRK35,Low Fat,0.071958197,Hard Drinks,38.0506,OUT049,1999,Tier 1,Supermarket Type1,796.9626
2233,FDX21,Low Fat,0.148764535,Snack Foods,111.1912,OUT019,1985,Tier 1,Grocery Store,109.1912
2234,NCP41,Low Fat,0.016276741,Health and Hygiene,109.8596,OUT018,2009,Tier 3,Supermarket Type2,1617.894
2235,NCM07,Low Fat,0.039954281,Others,82.4908,OUT035,2004,Tier 2,Supermarket Type1,2013.3792
2236,FDS15,Regular,0.078502143,Meat,108.7596,OUT017,2007,Tier 2,Supermarket Type1,2588.6304
2237,FDK22,Low Fat,0.026081567,Snack Foods,217.585,OUT035,2004,Tier 2,Supermarket Type1,4327.7
2238,NCS30,Low Fat,0.093170838,Household,127.3652,OUT049,1999,Tier 1,Supermarket Type1,1549.9824
2239,DRH37,Low Fat,0.072864869,Soft Drinks,165.2526,OUT019,1985,Tier 1,Grocery Store,822.263
2240,FDP58,Low Fat,0.236616754,Snack Foods,217.6482,OUT019,1985,Tier 1,Grocery Store,219.0482
2241,NCR18,Low Fat,0.020519478,Household,42.5112,OUT049,1999,Tier 1,Supermarket Type1,852.224
2242,FDU46,Regular,0.011148865,Snack Foods,84.854,OUT045,2002,Tier 2,Supermarket Type1,778.986
2243,FDS28,reg,0.082529704,Frozen Foods,56.9588,OUT049,1999,Tier 1,Supermarket Type1,744.3644
2244,FDB36,Regular,0.0,Baking Goods,129.1626,OUT046,1997,Tier 1,Supermarket Type1,3672.5528
2245,FDV03,Low Fat,0.058091269,Meat,156.2314,OUT046,1997,Tier 1,Supermarket Type1,2947.4966
2246,FDJ55,Regular,0.023530953,Meat,223.5404,OUT046,1997,Tier 1,Supermarket Type1,1800.3232
2247,FDE51,Regular,0.09646733,Dairy,42.8086,OUT046,1997,Tier 1,Supermarket Type1,669.129
2248,FDT21,Low Fat,0.020474913,Snack Foods,248.4092,OUT018,2009,Tier 3,Supermarket Type2,996.0368
2249,FDR09,Low Fat,0.077882226,Snack Foods,258.0962,OUT045,2002,Tier 2,Supermarket Type1,1035.9848
2250,FDK24,Low Fat,0.101294945,Baking Goods,46.2744,OUT046,1997,Tier 1,Supermarket Type1,1086.5856
2251,FDD45,low fat,0.116152226,Fruits and Vegetables,94.1436,OUT013,1987,Tier 3,Supermarket Type1,1512.6976
2252,NCQ43,Low Fat,0.111527348,Others,110.2912,OUT045,2002,Tier 2,Supermarket Type1,873.5296
2253,FDI24,Low Fat,0.078728915,Baking Goods,178.437,OUT035,2004,Tier 2,Supermarket Type1,2822.992
2254,FDQ46,Low Fat,0.103793399,Snack Foods,110.1544,OUT035,2004,Tier 2,Supermarket Type1,2684.5056
2255,FDI50,Regular,0.0,Canned,229.0352,OUT035,2004,Tier 2,Supermarket Type1,5496.8448
2256,NCQ41,Low Fat,0.032606181,Health and Hygiene,193.5794,OUT010,1998,Tier 3,Grocery Store,390.1588
2257,FDY51,Low Fat,0.081465335,Meat,220.7798,OUT018,2009,Tier 3,Supermarket Type2,6611.394
2258,FDR46,Low Fat,0.233356571,Snack Foods,146.576,OUT010,1998,Tier 3,Grocery Store,439.428
2259,FDM01,Regular,0.0945493,Breakfast,102.6332,OUT035,2004,Tier 2,Supermarket Type1,1640.5312
2260,FDS01,Low Fat,0.017659068,Canned,175.9686,OUT027,1985,Tier 3,Supermarket Type3,5866.3638
2261,FDX57,Regular,0.047266211,Snack Foods,97.0068,OUT046,1997,Tier 1,Supermarket Type1,1846.9292
2262,FDF12,Low Fat,0.082427854,Baking Goods,149.3076,OUT046,1997,Tier 1,Supermarket Type1,2808.3444
2263,FDU10,Regular,0.045950475,Snack Foods,38.2848,OUT017,2007,Tier 2,Supermarket Type1,1230.3984
2264,FDN22,Regular,0.139087683,Snack Foods,251.7724,OUT017,2007,Tier 2,Supermarket Type1,3020.0688
2265,FDO51,Regular,0.041779181,Meat,43.4112,OUT027,1985,Tier 3,Supermarket Type3,1107.8912
2266,FDC14,Regular,0.041214746,Canned,42.0454,OUT013,1987,Tier 3,Supermarket Type1,629.181
2267,FDY35,Regular,0.016092971,Breads,45.8402,OUT018,2009,Tier 3,Supermarket Type2,1102.5648
2268,NCX42,Low Fat,0.005949644,Household,165.6526,OUT027,1985,Tier 3,Supermarket Type3,4769.1254
2269,NCS18,Low Fat,0.042296724,Household,106.3938,OUT045,2002,Tier 2,Supermarket Type1,3751.783
2270,FDY49,Regular,0.012030747,Canned,166.6184,OUT049,1999,Tier 1,Supermarket Type1,1155.8288
2271,NCI55,Low Fat,0.012592289,Household,123.3414,OUT027,1985,Tier 3,Supermarket Type3,4751.8146
2272,FDY14,Low Fat,0.070040195,Dairy,263.0226,OUT046,1997,Tier 1,Supermarket Type1,4229.1616
2273,FDT38,Low Fat,0.057771828,Dairy,85.3566,OUT018,2009,Tier 3,Supermarket Type2,591.8962
2274,FDW50,Low Fat,0.075515154,Dairy,167.2158,OUT013,1987,Tier 3,Supermarket Type1,3008.0844
2275,FDD03,Low Fat,0.080131363,Dairy,234.03,OUT018,2009,Tier 3,Supermarket Type2,4194.54
2276,FDF24,Regular,0.02524761,Baking Goods,81.9934,OUT027,1985,Tier 3,Supermarket Type3,3439.5228
2277,FDD51,Low Fat,0.0,Dairy,44.7744,OUT045,2002,Tier 2,Supermarket Type1,181.0976
2278,FDZ40,Low Fat,0.039988162,Frozen Foods,55.7298,OUT027,1985,Tier 3,Supermarket Type3,1024.6662
2279,FDO03,Regular,0.064577332,Meat,230.5352,OUT019,1985,Tier 1,Grocery Store,687.1056
2280,FDZ45,Low Fat,0.067011609,Snack Foods,197.1084,OUT045,2002,Tier 2,Supermarket Type1,2182.4924
2281,NCA29,Low Fat,0.027430696,Household,171.1106,OUT017,2007,Tier 2,Supermarket Type1,3593.3226
2282,FDG57,Low Fat,0.072444983,Fruits and Vegetables,48.6034,OUT045,2002,Tier 2,Supermarket Type1,194.4136
2283,NCL18,Low Fat,0.167552202,Household,193.1136,OUT035,2004,Tier 2,Supermarket Type1,2332.9632
2284,FDR32,Regular,0.150238656,Fruits and Vegetables,229.3694,OUT019,1985,Tier 1,Grocery Store,228.3694
2285,FDR55,Regular,0.131443921,Fruits and Vegetables,189.1872,OUT027,1985,Tier 3,Supermarket Type3,5294.4416
2286,DRE12,Low Fat,0.0,Soft Drinks,111.186,OUT045,2002,Tier 2,Supermarket Type1,1245.046
2287,FDR36,Regular,0.121563385,Baking Goods,43.7454,OUT035,2004,Tier 2,Supermarket Type1,545.2902
2288,FDM12,Regular,0.070312473,Baking Goods,189.6214,OUT017,2007,Tier 2,Supermarket Type1,2826.321
2289,FDX45,Low Fat,0.0,Snack Foods,156.163,OUT046,1997,Tier 1,Supermarket Type1,2816.334
2290,FDT23,Regular,0.074669288,Breads,76.3986,OUT013,1987,Tier 3,Supermarket Type1,1402.1748
2291,FDH02,Regular,0.0,Canned,91.8488,OUT027,1985,Tier 3,Supermarket Type3,2716.464
2292,FDJ12,Regular,0.039101813,Baking Goods,208.8296,OUT049,1999,Tier 1,Supermarket Type1,5400.9696
2293,NCE54,Low Fat,0.026877471,Household,74.6354,OUT013,1987,Tier 3,Supermarket Type1,1053.2956
2294,FDQ21,Low Fat,0.019502354,Snack Foods,120.8756,OUT018,2009,Tier 3,Supermarket Type2,3150.5656
2295,FDE16,Low Fat,0.026492726,Frozen Foods,208.4954,OUT017,2007,Tier 2,Supermarket Type1,6251.862
2296,FDI16,Regular,0.0,Frozen Foods,53.064,OUT035,2004,Tier 2,Supermarket Type1,905.488
2297,FDK21,Low Fat,0.010010425,Snack Foods,249.0408,OUT035,2004,Tier 2,Supermarket Type1,3755.112
2298,FDO57,Low Fat,0.109153001,Snack Foods,161.3578,OUT018,2009,Tier 3,Supermarket Type2,4492.8184
2299,FDQ40,Regular,0.036027524,Frozen Foods,177.2712,OUT046,1997,Tier 1,Supermarket Type1,3339.6528
2300,FDX19,Low Fat,0.097127867,Fruits and Vegetables,234.4958,OUT018,2009,Tier 3,Supermarket Type2,1635.8706
2301,FDX31,Regular,0.024815024,Fruits and Vegetables,234.0958,OUT010,1998,Tier 3,Grocery Store,467.3916
2302,FDY40,Regular,0.085763562,Frozen Foods,49.0692,OUT013,1987,Tier 3,Supermarket Type1,295.6152
2303,FDV57,Regular,0.065896556,Snack Foods,179.266,OUT046,1997,Tier 1,Supermarket Type1,1438.128
2304,FDY60,Regular,0.044139551,Baking Goods,143.9128,OUT010,1998,Tier 3,Grocery Store,143.8128
2305,FDB41,Regular,0.162882227,Frozen Foods,46.8718,OUT010,1998,Tier 3,Grocery Store,189.0872
2306,DRF15,Low Fat,0.03334929,Dairy,155.034,OUT018,2009,Tier 3,Supermarket Type2,1990.742
2307,FDR51,Regular,0.17417636,Meat,148.9708,OUT018,2009,Tier 3,Supermarket Type2,2257.062
2308,NCR05,Low Fat,0.054741627,Health and Hygiene,200.2084,OUT045,2002,Tier 2,Supermarket Type1,3174.5344
2309,FDB44,Low Fat,0.016958832,Fruits and Vegetables,210.0586,OUT046,1997,Tier 1,Supermarket Type1,4221.172
2310,FDA44,Low Fat,0.053523765,Fruits and Vegetables,55.393,OUT017,2007,Tier 2,Supermarket Type1,1471.418
2311,NCX05,Low Fat,0.096592065,Health and Hygiene,117.4492,OUT027,1985,Tier 3,Supermarket Type3,1621.8888
2312,FDO52,Regular,0.077321087,Frozen Foods,169.3106,OUT045,2002,Tier 2,Supermarket Type1,2224.4378
2313,FDV20,Regular,0.100095288,Fruits and Vegetables,125.2678,OUT010,1998,Tier 3,Grocery Store,127.1678
2314,NCJ17,Low Fat,0.255348289,Health and Hygiene,84.4224,OUT010,1998,Tier 3,Grocery Store,170.4448
2315,FDY20,Regular,0.08175276,Fruits and Vegetables,89.0488,OUT046,1997,Tier 1,Supermarket Type1,1267.6832
2316,NCR17,Low Fat,0.024482644,Health and Hygiene,116.2492,OUT018,2009,Tier 3,Supermarket Type2,2896.23
2317,FDR57,Regular,0.023492524,Snack Foods,155.5288,OUT035,2004,Tier 2,Supermarket Type1,1414.1592
2318,DRE12,Low Fat,0.070890602,Soft Drinks,111.686,OUT049,1999,Tier 1,Supermarket Type1,1584.604
2319,FDV50,Low Fat,0.123264522,Dairy,123.273,OUT017,2007,Tier 2,Supermarket Type1,1108.557
2320,NCQ18,Low Fat,0.134418705,Household,99.67,OUT027,1985,Tier 3,Supermarket Type3,2596.62
2321,FDU46,Regular,0.0111263,Snack Foods,87.254,OUT046,1997,Tier 1,Supermarket Type1,1211.756
2322,NCH55,Low Fat,0.0,Household,127.902,OUT017,2007,Tier 2,Supermarket Type1,2150.534
2323,NCV53,Low Fat,0.018813601,Health and Hygiene,237.988,OUT046,1997,Tier 1,Supermarket Type1,7190.64
2324,FDE56,Regular,0.159165324,Fruits and Vegetables,63.4194,OUT035,2004,Tier 2,Supermarket Type1,1547.985
2325,NCZ29,Low Fat,0.071371458,Health and Hygiene,125.2362,OUT046,1997,Tier 1,Supermarket Type1,1384.1982
2326,FDX45,Low Fat,0.18358896,Snack Foods,154.663,OUT019,1985,Tier 1,Grocery Store,312.926
2327,FDU36,Low Fat,0.046459438,Baking Goods,100.5384,OUT018,2009,Tier 3,Supermarket Type2,1675.1528
2328,NCY53,Low Fat,0.0,Health and Hygiene,110.2544,OUT013,1987,Tier 3,Supermarket Type1,1454.1072
2329,DRN36,Low Fat,0.0,Soft Drinks,96.6752,OUT046,1997,Tier 1,Supermarket Type1,479.376
2330,FDE22,Low Fat,0.029693277,Snack Foods,159.792,OUT018,2009,Tier 3,Supermarket Type2,2716.464
2331,FDJ38,Regular,0.040197932,Canned,190.153,OUT035,2004,Tier 2,Supermarket Type1,3036.048
2332,FDM20,Low Fat,0.0,Fruits and Vegetables,246.9144,OUT018,2009,Tier 3,Supermarket Type2,3185.1872
2333,FDL13,Regular,0.098606543,Breakfast,232.73,OUT019,1985,Tier 1,Grocery Store,932.12
2334,FDO50,Low Fat,0.078290271,Canned,93.1804,OUT049,1999,Tier 1,Supermarket Type1,1194.4452
2335,FDP40,Regular,0.034350673,Frozen Foods,112.7544,OUT035,2004,Tier 2,Supermarket Type1,1789.6704
2336,NCO29,Low Fat,0.032321608,Health and Hygiene,165.6526,OUT045,2002,Tier 2,Supermarket Type1,1315.6208
2337,FDP36,Regular,0.0,Baking Goods,51.4008,OUT018,2009,Tier 3,Supermarket Type2,556.6088
2338,FDA43,Low Fat,0.108253944,Fruits and Vegetables,194.8794,OUT010,1998,Tier 3,Grocery Store,585.2382
2339,NCL17,Low Fat,0.068055818,Health and Hygiene,140.7812,OUT018,2009,Tier 3,Supermarket Type2,1567.2932
2340,NCM06,Low Fat,0.126752975,Household,154.2656,OUT010,1998,Tier 3,Grocery Store,308.9312
2341,FDD39,Low Fat,0.122832172,Dairy,217.685,OUT019,1985,Tier 1,Grocery Store,432.77
2342,NCT41,LF,0.055943697,Health and Hygiene,150.6024,OUT013,1987,Tier 3,Supermarket Type1,2428.8384
2343,DRC36,Regular,0.0,Soft Drinks,173.6054,OUT013,1987,Tier 3,Supermarket Type1,1751.054
2344,FDE58,Low Fat,0.0,Snack Foods,119.8124,OUT027,1985,Tier 3,Supermarket Type3,1659.1736
2345,FDL20,Low Fat,0.127792701,Fruits and Vegetables,111.1886,OUT027,1985,Tier 3,Supermarket Type3,4447.544
2346,FDZ44,Low Fat,0.06780958,Fruits and Vegetables,118.1808,OUT019,1985,Tier 1,Grocery Store,234.3616
2347,FDA55,Regular,0.056713056,Fruits and Vegetables,223.8088,OUT027,1985,Tier 3,Supermarket Type3,5592.72
2348,FDS21,Regular,0.036551446,Snack Foods,62.7194,OUT019,1985,Tier 1,Grocery Store,123.8388
2349,FDT50,Regular,0.108458498,Dairy,96.9752,OUT045,2002,Tier 2,Supermarket Type1,958.752
2350,FDO23,Low Fat,0.0,Breads,93.1436,OUT045,2002,Tier 2,Supermarket Type1,2174.5028
2351,DRD13,Low Fat,0.049155769,Soft Drinks,65.2168,OUT049,1999,Tier 1,Supermarket Type1,958.752
2352,FDW58,LF,0.007551665,Snack Foods,107.1622,OUT035,2004,Tier 2,Supermarket Type1,1693.7952
2353,FDL08,Low Fat,0.049709624,Fruits and Vegetables,246.8144,OUT035,2004,Tier 2,Supermarket Type1,2450.144
2354,NCV53,Low Fat,0.018797945,Health and Hygiene,241.288,OUT013,1987,Tier 3,Supermarket Type1,5512.824
2355,FDT50,reg,0.107714834,Dairy,97.8752,OUT027,1985,Tier 3,Supermarket Type3,2109.2544
2356,NCX06,LF,0.02746599,Household,181.5976,OUT019,1985,Tier 1,Grocery Store,543.2928
2357,FDP51,Regular,0.149305497,Meat,119.6124,OUT019,1985,Tier 1,Grocery Store,592.562
2358,FDD38,Regular,0.00819018,Canned,103.7674,OUT035,2004,Tier 2,Supermarket Type1,2852.2872
2359,FDO20,Regular,0.152099033,Fruits and Vegetables,252.6382,OUT035,2004,Tier 2,Supermarket Type1,3532.7348
2360,NCM29,LF,0.017642229,Health and Hygiene,131.8626,OUT046,1997,Tier 1,Supermarket Type1,2885.5772
2361,NCY41,Low Fat,0.075735621,Health and Hygiene,34.5532,OUT046,1997,Tier 1,Supermarket Type1,323.5788
2362,FDP38,Low Fat,0.032075379,Canned,50.9008,OUT013,1987,Tier 3,Supermarket Type1,354.2056
2363,FDE04,Regular,0.018059621,Frozen Foods,179.766,OUT045,2002,Tier 2,Supermarket Type1,2336.958
2364,DRI37,Low Fat,0.107597879,Soft Drinks,58.7904,OUT046,1997,Tier 1,Supermarket Type1,585.904
2365,DRY23,Regular,0.108568067,Soft Drinks,42.9112,OUT027,1985,Tier 3,Supermarket Type3,809.6128
2366,FDZ56,Low Fat,0.025789175,Fruits and Vegetables,166.9474,OUT045,2002,Tier 2,Supermarket Type1,2863.6058
2367,NCN05,Low Fat,0.014518575,Health and Hygiene,182.195,OUT018,2009,Tier 3,Supermarket Type2,2380.235
2368,FDN12,LF,0.08071118,Baking Goods,113.1544,OUT027,1985,Tier 3,Supermarket Type3,3355.632
2369,FDW37,Low Fat,0.12475207,Canned,90.9488,OUT017,2007,Tier 2,Supermarket Type1,633.8416
2370,FDY12,Regular,0.0,Baking Goods,49.2008,OUT013,1987,Tier 3,Supermarket Type1,657.8104
2371,DRG11,Low Fat,0.14032811,Hard Drinks,109.1596,OUT010,1998,Tier 3,Grocery Store,107.8596
2372,FDP11,Low Fat,0.120986139,Breads,216.1166,OUT019,1985,Tier 1,Grocery Store,435.4332
2373,FDZ22,Low Fat,0.045340279,Snack Foods,85.025,OUT049,1999,Tier 1,Supermarket Type1,2080.625
2374,FDK51,Low Fat,0.005243282,Dairy,266.1884,OUT049,1999,Tier 1,Supermarket Type1,3179.8608
2375,NCV29,Low Fat,0.039996021,Health and Hygiene,176.7686,OUT019,1985,Tier 1,Grocery Store,888.843
2376,DRF51,Low Fat,0.166513779,Dairy,38.0506,OUT018,2009,Tier 3,Supermarket Type2,265.6542
2377,FDN51,reg,0.021065311,Meat,261.5936,OUT017,2007,Tier 2,Supermarket Type1,6002.8528
2378,DRK59,low fat,0.126287542,Hard Drinks,235.5616,OUT010,1998,Tier 3,Grocery Store,468.7232
2379,FDW07,Regular,0.142910689,Fruits and Vegetables,89.6514,OUT049,1999,Tier 1,Supermarket Type1,1859.5794
2380,FDM28,Low Fat,0.075661985,Frozen Foods,181.366,OUT010,1998,Tier 3,Grocery Store,179.766
2381,DRD12,Low Fat,0.077178965,Soft Drinks,93.1146,OUT035,2004,Tier 2,Supermarket Type1,2189.1504
2382,NCB19,Low Fat,0.090436094,Household,85.0882,OUT049,1999,Tier 1,Supermarket Type1,2233.0932
2383,FDX04,Regular,0.041563696,Frozen Foods,47.6376,OUT035,2004,Tier 2,Supermarket Type1,335.5632
2384,DRG23,Low Fat,0.086360962,Hard Drinks,151.2682,OUT027,1985,Tier 3,Supermarket Type3,2439.4912
2385,FDY12,Regular,0.141406394,Baking Goods,50.0008,OUT017,2007,Tier 2,Supermarket Type1,506.008
2386,NCL42,Low Fat,0.040434372,Household,244.3144,OUT049,1999,Tier 1,Supermarket Type1,5635.3312
2387,NCQ43,Low Fat,0.11147467,Others,108.0912,OUT049,1999,Tier 1,Supermarket Type1,1637.868
2388,FDW19,Regular,0.038578501,Fruits and Vegetables,109.557,OUT045,2002,Tier 2,Supermarket Type1,1757.712
2389,FDO24,Low Fat,0.176069023,Baking Goods,156.7604,OUT013,1987,Tier 3,Supermarket Type1,1901.5248
2390,FDR52,Regular,0.133144259,Frozen Foods,190.8846,OUT019,1985,Tier 1,Grocery Store,191.0846
2391,FDX28,Low Fat,0.125688044,Frozen Foods,100.9042,OUT018,2009,Tier 3,Supermarket Type2,2083.2882
2392,FDP44,Regular,0.079875237,Fruits and Vegetables,102.7332,OUT045,2002,Tier 2,Supermarket Type1,1537.998
2393,FDV39,Low Fat,0.0,Meat,196.8426,OUT019,1985,Tier 1,Grocery Store,593.2278
2394,FDE47,low fat,0.037877202,Starchy Foods,124.0046,OUT013,1987,Tier 3,Supermarket Type1,1618.5598
2395,DRF13,Low Fat,0.029827665,Soft Drinks,144.3444,OUT049,1999,Tier 1,Supermarket Type1,2612.5992
2396,FDK32,Regular,0.049074897,Fruits and Vegetables,154.2682,OUT045,2002,Tier 2,Supermarket Type1,3354.3004
2397,FDX07,Regular,0.022807826,Fruits and Vegetables,183.495,OUT027,1985,Tier 3,Supermarket Type3,4577.375
2398,FDE22,Low Fat,0.051778173,Snack Foods,157.892,OUT019,1985,Tier 1,Grocery Store,319.584
2399,DRJ24,Low Fat,0.11397026,Soft Drinks,185.1924,OUT017,2007,Tier 2,Supermarket Type1,2591.2936
2400,FDV11,Regular,0.0,Breads,173.2054,OUT045,2002,Tier 2,Supermarket Type1,3151.8972
2401,FDW11,Low Fat,0.049058014,Breads,62.7194,OUT017,2007,Tier 2,Supermarket Type1,866.8716
2402,FDP12,Regular,0.045522854,Baking Goods,35.0874,OUT017,2007,Tier 2,Supermarket Type1,352.874
2403,FDM13,Low Fat,0.105742544,Breakfast,130.5626,OUT010,1998,Tier 3,Grocery Store,131.1626
2404,FDX25,LF,0.102055777,Canned,184.0292,OUT046,1997,Tier 1,Supermarket Type1,3101.2964
2405,FDQ01,Regular,0.160951491,Canned,256.1014,OUT049,1999,Tier 1,Supermarket Type1,3060.0168
2406,NCT06,Low Fat,0.038730229,Household,166.2842,OUT035,2004,Tier 2,Supermarket Type1,4807.7418
2407,FDV21,LF,0.171779865,Snack Foods,126.0704,OUT018,2009,Tier 3,Supermarket Type2,1627.2152
2408,FDH31,Regular,0.020312314,Meat,98.1042,OUT027,1985,Tier 3,Supermarket Type3,2777.7176
2409,NCJ05,Low Fat,0.046348967,Health and Hygiene,153.6682,OUT017,2007,Tier 2,Supermarket Type1,1677.1502
2410,FDK48,Low Fat,0.037449987,Baking Goods,76.7354,OUT027,1985,Tier 3,Supermarket Type3,2783.7098
2411,NCO43,LF,0.0,Others,103.1016,OUT045,2002,Tier 2,Supermarket Type1,2024.032
2412,FDD33,Low Fat,0.0,Fruits and Vegetables,231.9642,OUT027,1985,Tier 3,Supermarket Type3,6970.926
2413,FDH38,Low Fat,0.010436256,Canned,115.5808,OUT035,2004,Tier 2,Supermarket Type1,3749.7856
2414,FDT46,Low Fat,0.030869612,Snack Foods,49.8008,OUT045,2002,Tier 2,Supermarket Type1,708.4112
2415,FDV44,Regular,0.039836895,Fruits and Vegetables,191.6188,OUT035,2004,Tier 2,Supermarket Type1,2094.6068
2416,FDH40,Regular,0.078863888,Frozen Foods,83.2276,OUT013,1987,Tier 3,Supermarket Type1,1543.3244
2417,FDD29,Low Fat,0.018395194,Frozen Foods,251.6698,OUT013,1987,Tier 3,Supermarket Type1,6088.0752
2418,FDT24,Regular,0.0,Baking Goods,75.9328,OUT027,1985,Tier 3,Supermarket Type3,3012.0792
2419,DRH39,Low Fat,0.092241348,Dairy,75.867,OUT027,1985,Tier 3,Supermarket Type3,2450.144
2420,FDZ28,Regular,0.086187886,Frozen Foods,125.4678,OUT010,1998,Tier 3,Grocery Store,127.1678
2421,FDK16,Low Fat,0.115233813,Frozen Foods,94.4094,OUT013,1987,Tier 3,Supermarket Type1,2856.282
2422,FDB15,Low Fat,0.137584599,Dairy,262.2568,OUT017,2007,Tier 2,Supermarket Type1,3954.852
2423,FDE52,Regular,0.02974207,Dairy,88.9514,OUT027,1985,Tier 3,Supermarket Type3,3453.5046
2424,NCE18,Low Fat,0.021421289,Household,248.375,OUT035,2004,Tier 2,Supermarket Type1,7240.575
2425,DRM59,LF,0.003574698,Hard Drinks,154.6998,OUT027,1985,Tier 3,Supermarket Type3,3229.7958
2426,FDX20,Low Fat,0.074517508,Fruits and Vegetables,227.372,OUT019,1985,Tier 1,Grocery Store,452.744
2427,NCZ54,Low Fat,0.083528446,Household,162.4552,OUT045,2002,Tier 2,Supermarket Type1,2274.3728
2428,NCW54,Low Fat,0.096806008,Household,56.2588,OUT018,2009,Tier 3,Supermarket Type2,687.1056
2429,FDW25,Low Fat,0.037391881,Canned,83.2224,OUT035,2004,Tier 2,Supermarket Type1,1789.6704
2430,FDW48,Low Fat,0.008554102,Baking Goods,79.3618,OUT049,1999,Tier 1,Supermarket Type1,805.618
2431,DRE48,Low Fat,0.01724183,Soft Drinks,197.0768,OUT027,1985,Tier 3,Supermarket Type3,8868.456
2432,DRJ49,Low Fat,0.014072399,Soft Drinks,127.3652,OUT017,2007,Tier 2,Supermarket Type1,1679.1476
2433,FDW25,Low Fat,0.037457098,Canned,83.4224,OUT049,1999,Tier 1,Supermarket Type1,1448.7808
2434,FDZ13,Regular,0.154120252,Canned,51.935,OUT018,2009,Tier 3,Supermarket Type2,199.74
2435,FDV57,Regular,0.065577449,Snack Foods,181.766,OUT027,1985,Tier 3,Supermarket Type3,7370.406
2436,NCQ17,Low Fat,0.0,Health and Hygiene,154.663,OUT013,1987,Tier 3,Supermarket Type1,2816.334
2437,FDE46,Low Fat,0.015858893,Snack Foods,152.9366,OUT017,2007,Tier 2,Supermarket Type1,453.4098
2438,FDE58,Low Fat,0.052149675,Snack Foods,118.3124,OUT049,1999,Tier 1,Supermarket Type1,1540.6612
2439,FDW16,Regular,0.041538713,Frozen Foods,93.1804,OUT049,1999,Tier 1,Supermarket Type1,1378.206
2440,FDR47,Low Fat,0.087963415,Breads,193.3794,OUT017,2007,Tier 2,Supermarket Type1,4291.7468
2441,NCA17,LF,0.045380404,Health and Hygiene,148.4392,OUT013,1987,Tier 3,Supermarket Type1,1789.6704
2442,DRB25,Low Fat,0.069446588,Soft Drinks,106.3938,OUT035,2004,Tier 2,Supermarket Type1,857.5504
2443,NCB55,Low Fat,0.16098885,Household,57.8562,OUT045,2002,Tier 2,Supermarket Type1,651.8182
2444,NCD06,low fat,0.099242622,Household,46.306,OUT013,1987,Tier 3,Supermarket Type1,699.09
2445,FDP33,Low Fat,0.156304192,Snack Foods,256.3672,OUT019,1985,Tier 1,Grocery Store,255.6672
2446,NCF55,LF,0.021710275,Household,34.9874,OUT045,2002,Tier 2,Supermarket Type1,247.0118
2447,FDH10,Low Fat,0.082526478,Snack Foods,191.8478,OUT010,1998,Tier 3,Grocery Store,774.9912
2448,FDI36,Regular,0.062597392,Baking Goods,196.9426,OUT018,2009,Tier 3,Supermarket Type2,5339.0502
2449,FDL58,Regular,0.074087369,Snack Foods,264.9568,OUT013,1987,Tier 3,Supermarket Type1,6855.0768
2450,FDD14,LF,0.297312685,Canned,185.4266,OUT019,1985,Tier 1,Grocery Store,368.8532
2451,FDS40,Low Fat,0.014007727,Frozen Foods,38.319,OUT013,1987,Tier 3,Supermarket Type1,292.952
2452,FDK10,Regular,0.040325274,Snack Foods,180.466,OUT013,1987,Tier 3,Supermarket Type1,719.064
2453,FDY16,reg,0.16147714,Frozen Foods,186.2266,OUT019,1985,Tier 1,Grocery Store,1106.5596
2454,NCU54,Low Fat,0.165073642,Household,207.727,OUT010,1998,Tier 3,Grocery Store,209.727
2455,FDE02,Low Fat,0.121250374,Canned,92.7778,OUT046,1997,Tier 1,Supermarket Type1,1032.6558
2456,FDI07,Regular,0.033760862,Meat,196.9426,OUT046,1997,Tier 1,Supermarket Type1,5141.3076
2457,FDA23,Low Fat,0.047178116,Baking Goods,99.4016,OUT035,2004,Tier 2,Supermarket Type1,2428.8384
2458,FDD08,Low Fat,0.035347676,Fruits and Vegetables,38.0506,OUT035,2004,Tier 2,Supermarket Type1,531.3084
2459,NCI06,Low Fat,0.083547515,Household,179.166,OUT019,1985,Tier 1,Grocery Store,359.532
2460,FDL40,Low Fat,0.019438042,Frozen Foods,95.541,OUT010,1998,Tier 3,Grocery Store,96.541
2461,FDU36,Low Fat,0.0,Baking Goods,100.1384,OUT027,1985,Tier 3,Supermarket Type3,2956.152
2462,FDA34,Low Fat,0.014788594,Starchy Foods,174.408,OUT027,1985,Tier 3,Supermarket Type3,7443.644
2463,FDR20,Regular,0.0,Fruits and Vegetables,46.4744,OUT010,1998,Tier 3,Grocery Store,45.2744
2464,DRN35,Low Fat,0.070533748,Hard Drinks,34.2532,OUT018,2009,Tier 3,Supermarket Type2,467.3916
2465,FDR23,Low Fat,0.13689554,Breads,176.437,OUT010,1998,Tier 3,Grocery Store,529.311
2466,NCV29,Low Fat,0.022843501,Health and Hygiene,177.8686,OUT046,1997,Tier 1,Supermarket Type1,4621.9836
2467,NCD55,Low Fat,0.024468806,Household,41.1454,OUT017,2007,Tier 2,Supermarket Type1,503.3448
2468,DRD49,LF,0.167831064,Soft Drinks,237.4564,OUT046,1997,Tier 1,Supermarket Type1,715.0692
2469,FDO34,Low Fat,0.029999653,Snack Foods,169.7816,OUT045,2002,Tier 2,Supermarket Type1,2013.3792
2470,FDI02,Regular,0.115031783,Canned,114.1202,OUT018,2009,Tier 3,Supermarket Type2,787.6414
2471,NCM29,Low Fat,0.017678008,Health and Hygiene,129.2626,OUT045,2002,Tier 2,Supermarket Type1,1705.1138
2472,NCD55,Low Fat,0.024213354,Household,42.4454,OUT027,1985,Tier 3,Supermarket Type3,293.6178
2473,NCT18,Low Fat,0.05911748,Household,181.5976,OUT027,1985,Tier 3,Supermarket Type3,4165.2448
2474,FDS44,Regular,0.156679617,Fruits and Vegetables,238.8538,OUT018,2009,Tier 3,Supermarket Type2,4566.7222
2475,NCX41,Low Fat,0.017746826,Health and Hygiene,210.8244,OUT049,1999,Tier 1,Supermarket Type1,2540.6928
2476,NCW42,LF,0.058799705,Household,220.7456,OUT017,2007,Tier 2,Supermarket Type1,4420.912
2477,FDZ16,Regular,0.267565911,Frozen Foods,194.1478,OUT010,1998,Tier 3,Grocery Store,1162.4868
2478,FDU38,Low Fat,0.0824812,Dairy,191.6504,OUT013,1987,Tier 3,Supermarket Type1,2492.7552
2479,FDV11,Regular,0.081794766,Breads,173.6054,OUT049,1999,Tier 1,Supermarket Type1,700.4216
2480,NCM30,LF,0.067239404,Household,39.6796,OUT013,1987,Tier 3,Supermarket Type1,660.4736
2481,DRG11,Low Fat,0.0,Hard Drinks,108.9596,OUT046,1997,Tier 1,Supermarket Type1,1186.4556
2482,FDS48,Low Fat,0.048637888,Baking Goods,149.7708,OUT019,1985,Tier 1,Grocery Store,150.4708
2483,FDK50,Low Fat,0.0,Canned,160.7894,OUT017,2007,Tier 2,Supermarket Type1,3235.788
2484,DRG03,Low Fat,0.061934991,Dairy,154.4998,OUT013,1987,Tier 3,Supermarket Type1,1691.7978
2485,FDR08,Low Fat,0.037681448,Fruits and Vegetables,111.0886,OUT049,1999,Tier 1,Supermarket Type1,222.3772
2486,FDR47,LF,0.0,Breads,196.5794,OUT010,1998,Tier 3,Grocery Store,585.2382
2487,FDU37,Regular,0.0,Canned,79.596,OUT046,1997,Tier 1,Supermarket Type1,1038.648
2488,NCE19,Low Fat,0.093203257,Household,52.7956,OUT045,2002,Tier 2,Supermarket Type1,1037.3164
2489,FDD35,Low Fat,0.026010729,Starchy Foods,119.144,OUT017,2007,Tier 2,Supermarket Type1,2157.192
2490,FDE36,Regular,0.041942549,Baking Goods,165.4868,OUT018,2009,Tier 3,Supermarket Type2,2293.0152
2491,FDU24,Regular,0.0,Baking Goods,94.012,OUT013,1987,Tier 3,Supermarket Type1,1211.756
2492,NCX29,Low Fat,0.089135671,Health and Hygiene,146.9102,OUT035,2004,Tier 2,Supermarket Type1,3207.8244
2493,FDR47,Low Fat,0.087604647,Breads,196.9794,OUT049,1999,Tier 1,Supermarket Type1,1560.6352
2494,FDP11,Low Fat,0.069087481,Breads,218.7166,OUT035,2004,Tier 2,Supermarket Type1,1088.583
2495,FDH28,Regular,0.110254143,Frozen Foods,37.3506,OUT045,2002,Tier 2,Supermarket Type1,341.5554
2496,NCP17,Low Fat,0.02775746,Health and Hygiene,62.5168,OUT049,1999,Tier 1,Supermarket Type1,1534.0032
2497,FDX46,Regular,0.058105769,Snack Foods,60.4562,OUT035,2004,Tier 2,Supermarket Type1,1777.686
2498,NCB54,Low Fat,0.050011058,Health and Hygiene,126.7336,OUT013,1987,Tier 3,Supermarket Type1,639.168
2499,FDP48,Regular,0.044272226,Baking Goods,181.395,OUT017,2007,Tier 2,Supermarket Type1,2563.33
2500,FDS33,Regular,0.122830885,Snack Foods,86.9514,OUT027,1985,Tier 3,Supermarket Type3,3364.9532
2501,NCO55,Low Fat,0.091221855,Others,105.5938,OUT045,2002,Tier 2,Supermarket Type1,2143.876
2502,FDJ26,Regular,0.084354713,Canned,215.5218,OUT027,1985,Tier 3,Supermarket Type3,4915.6014
2503,FDN39,Regular,0.065507999,Meat,168.9816,OUT035,2004,Tier 2,Supermarket Type1,2852.2872
2504,FDY07,Low Fat,0.0,Fruits and Vegetables,46.5402,OUT010,1998,Tier 3,Grocery Store,229.701
2505,NCI17,Low Fat,0.143422643,Health and Hygiene,95.841,OUT046,1997,Tier 1,Supermarket Type1,2027.361
2506,FDQ49,Regular,0.039247736,Breakfast,157.663,OUT046,1997,Tier 1,Supermarket Type1,1095.241
2507,FDL39,Regular,0.063319379,Dairy,180.9318,OUT035,2004,Tier 2,Supermarket Type1,1984.7498
2508,FDY31,Low Fat,0.043740308,Fruits and Vegetables,145.3418,OUT018,2009,Tier 3,Supermarket Type2,2354.2688
2509,FDG34,Regular,0.037388493,Snack Foods,107.8254,OUT027,1985,Tier 3,Supermarket Type3,1410.8302
2510,FDI36,Regular,0.062343432,Baking Goods,199.7426,OUT046,1997,Tier 1,Supermarket Type1,593.2278
2511,FDA26,Regular,0.0,Dairy,220.1482,OUT018,2009,Tier 3,Supermarket Type2,4600.0122
2512,FDL45,Low Fat,0.063081713,Snack Foods,125.7704,OUT010,1998,Tier 3,Grocery Store,250.3408
2513,FDY51,Low Fat,0.081260969,Meat,221.7798,OUT049,1999,Tier 1,Supermarket Type1,3085.3172
2514,NCM30,Low Fat,0.067295406,Household,41.9796,OUT046,1997,Tier 1,Supermarket Type1,701.7532
2515,FDK50,Low Fat,0.028478742,Canned,161.8894,OUT018,2009,Tier 3,Supermarket Type2,2750.4198
2516,NCY42,Low Fat,0.015149955,Household,144.047,OUT013,1987,Tier 3,Supermarket Type1,3149.234
2517,NCX06,Low Fat,0.015775777,Household,179.1976,OUT017,2007,Tier 2,Supermarket Type1,3803.0496
2518,NCP55,Low Fat,0.011180713,Others,53.8614,OUT013,1987,Tier 3,Supermarket Type1,221.0456
2519,FDZ10,Low Fat,0.044248175,Snack Foods,126.202,OUT027,1985,Tier 3,Supermarket Type3,3668.558
2520,FDR28,Regular,0.025891588,Frozen Foods,165.121,OUT035,2004,Tier 2,Supermarket Type1,2936.178
2521,DRL59,Low Fat,0.021220113,Hard Drinks,55.1298,OUT035,2004,Tier 2,Supermarket Type1,1240.3854
2522,FDZ45,Low Fat,0.067148407,Snack Foods,200.4084,OUT018,2009,Tier 3,Supermarket Type2,3968.168
2523,FDP10,Low Fat,0.128090139,Snack Foods,107.0622,OUT046,1997,Tier 1,Supermarket Type1,1376.2086
2524,FDR07,Low Fat,0.130127365,Fruits and Vegetables,96.2094,OUT010,1998,Tier 3,Grocery Store,190.4188
2525,FDC57,Regular,0.054549098,Fruits and Vegetables,193.782,OUT013,1987,Tier 3,Supermarket Type1,1158.492
2526,FDY15,Regular,0.171523928,Dairy,155.863,OUT018,2009,Tier 3,Supermarket Type2,2346.945
2527,FDK26,Regular,0.03217132,Canned,184.824,OUT035,2004,Tier 2,Supermarket Type1,4287.752
2528,FDT32,Regular,0.10985775,Fruits and Vegetables,188.8214,OUT010,1998,Tier 3,Grocery Store,188.4214
2529,FDS48,Low Fat,0.027774002,Baking Goods,152.3708,OUT035,2004,Tier 2,Supermarket Type1,3159.8868
2530,FDI52,Low Fat,0.104890428,Frozen Foods,121.4072,OUT045,2002,Tier 2,Supermarket Type1,3185.1872
2531,FDS57,Low Fat,0.103442268,Snack Foods,144.847,OUT046,1997,Tier 1,Supermarket Type1,2433.499
2532,FDO21,Regular,0.009802791,Snack Foods,223.0404,OUT018,2009,Tier 3,Supermarket Type2,1125.202
2533,FDN34,Regular,0.04575559,Snack Foods,167.1132,OUT035,2004,Tier 2,Supermarket Type1,2874.9244
2534,NCY29,Low Fat,0.077670981,Health and Hygiene,55.093,OUT017,2007,Tier 2,Supermarket Type1,1301.639
2535,FDW40,Regular,0.105125569,Frozen Foods,143.2812,OUT035,2004,Tier 2,Supermarket Type1,3277.0676
2536,NCK05,LF,0.077892365,Health and Hygiene,59.3536,OUT017,2007,Tier 2,Supermarket Type1,918.804
2537,NCT42,Low Fat,0.024882614,Household,149.4392,OUT035,2004,Tier 2,Supermarket Type1,1640.5312
2538,FDU26,Regular,0.042860026,Dairy,120.3782,OUT017,2007,Tier 2,Supermarket Type1,1668.4948
2539,FDE02,Low Fat,0.120663214,Canned,95.6778,OUT027,1985,Tier 3,Supermarket Type3,2910.2118
2540,FDL36,Low Fat,0.127334766,Baking Goods,88.283,OUT010,1998,Tier 3,Grocery Store,89.883
2541,FDE45,Low Fat,0.070660449,Fruits and Vegetables,180.4002,OUT019,1985,Tier 1,Grocery Store,716.4008
2542,NCO06,LF,0.108010006,Household,33.3558,OUT035,2004,Tier 2,Supermarket Type1,713.0718
2543,FDR20,Regular,0.028282832,Fruits and Vegetables,46.2744,OUT017,2007,Tier 2,Supermarket Type1,1086.5856
2544,NCC54,Low Fat,0.097629611,Health and Hygiene,240.4196,OUT013,1987,Tier 3,Supermarket Type1,4579.3724
2545,NCN43,Low Fat,0.0,Others,123.773,OUT046,1997,Tier 1,Supermarket Type1,3325.671
2546,FDQ59,Regular,0.056500895,Breads,85.8908,OUT045,2002,Tier 2,Supermarket Type1,1845.5976
2547,FDS49,Low Fat,0.079506434,Canned,78.3644,OUT045,2002,Tier 2,Supermarket Type1,1728.4168
2548,FDI58,Regular,0.070847865,Snack Foods,91.712,OUT045,2002,Tier 2,Supermarket Type1,2050.664
2549,NCA18,Low Fat,0.056191301,Household,115.7492,OUT045,2002,Tier 2,Supermarket Type1,579.246
2550,FDW31,Regular,0.042949109,Fruits and Vegetables,199.5742,OUT027,1985,Tier 3,Supermarket Type3,3981.484
2551,FDF26,Regular,0.078057026,Canned,154.5998,OUT010,1998,Tier 3,Grocery Store,153.7998
2552,FDT58,Low Fat,0.085538477,Snack Foods,169.2816,OUT027,1985,Tier 3,Supermarket Type3,3523.4136
2553,FDR35,Low Fat,0.020739698,Breads,198.9742,OUT045,2002,Tier 2,Supermarket Type1,995.371
2554,FDA09,Regular,0.149338159,Snack Foods,178.666,OUT035,2004,Tier 2,Supermarket Type1,1797.66
2555,FDU52,Low Fat,0.063462048,Frozen Foods,157.563,OUT027,1985,Tier 3,Supermarket Type3,1721.093
2556,NCH18,Low Fat,0.044730667,Household,245.1802,OUT049,1999,Tier 1,Supermarket Type1,2456.802
